{
  "properties": {
    "activities": [
      {
        "type": "SetVariable",
        "typeProperties": {
          "variableName": "TriggerFilename",
          "value": {
            "value": "@pipeline()?.TriggerEvent?.FileName\n",
            "type": "Expression"
          }
        },
        "policy": {
          "secureInput": false,
          "secureOutput": false
        },
        "name": "Set TriggerFilenameOrig",
        "dependsOn": []
      },
      {
        "type": "ExecutePipeline",
        "typeProperties": {
          "pipeline": {
            "referenceName": "ad5a99c8-d9e9-becf-4a6d-a582015ba66f",
            "type": "PipelineReference"
          },
          "parameters": {
            "JobName": "IndexReturn Bronze"
          },
          "waitOnCompletion": true
        },
        "policy": {
          "secureInput": false
        },
        "name": "Get Bloomberg Data to Bronze",
        "dependsOn": [
          {
            "activity": "Set TriggerFilenameOrig",
            "dependencyConditions": [
              "Succeeded"
            ]
          }
        ]
      },
      {
        "type": "ExecutePipeline",
        "typeProperties": {
          "pipeline": {
            "referenceName": "ad5a99c8-d9e9-becf-4a6d-a582015ba66f",
            "type": "PipelineReference"
          },
          "parameters": {
            "JobName": "IndexReturnSilver"
          },
          "waitOnCompletion": true
        },
        "policy": {
          "secureInput": false
        },
        "name": "IndexReturnSilver",
        "dependsOn": [
          {
            "activity": "Normalize Bloomberg benchmark data",
            "dependencyConditions": [
              "Succeeded"
            ]
          }
        ]
      },
      {
        "type": "Copy",
        "typeProperties": {
          "source": {
            "type": "DelimitedTextSource",
            "formatSettings": {
              "type": "DelimitedTextReadSettings"
            },
            "storeSettings": {
              "type": "LakehouseReadSettings",
              "recursive": false,
              "wildcardFolderPath": "/proworkspace/IndexReturn/Bloomberg/Nightly",
              "wildcardFileName": "*.txt",
              "enablePartitionDiscovery": false
            },
            "datasetSettings": {
              "type": "DelimitedText",
              "typeProperties": {
                "location": {
                  "type": "LakehouseLocation"
                },
                "columnDelimiter": ",",
                "quoteChar": "\"",
                "escapeChar": "\\",
                "firstRowAsHeader": true
              },
              "schema": [],
              "linkedService": {
                "name": "lh_raw",
                "properties": {
                  "type": "Lakehouse",
                  "typeProperties": {
                    "artifactId": "a57e9e3f-d7ba-a2a3-4013-7104920a12cc",
                    "workspaceId": "00000000-0000-0000-0000-000000000000",
                    "rootFolder": "Files"
                  },
                  "annotations": []
                }
              },
              "annotations": []
            }
          },
          "sink": {
            "type": "DelimitedTextSink",
            "formatSettings": {
              "type": "DelimitedTextWriteSettings",
              "fileExtension": ".txt"
            },
            "storeSettings": {
              "type": "LakehouseWriteSettings"
            },
            "datasetSettings": {
              "type": "DelimitedText",
              "typeProperties": {
                "location": {
                  "type": "LakehouseLocation",
                  "folderPath": "proworkspace/IndexReturn/Bloomberg/Nightly/Processed"
                },
                "columnDelimiter": ",",
                "quoteChar": "\"",
                "escapeChar": "\\",
                "firstRowAsHeader": true
              },
              "schema": [],
              "linkedService": {
                "name": "lh_raw",
                "properties": {
                  "type": "Lakehouse",
                  "typeProperties": {
                    "artifactId": "a57e9e3f-d7ba-a2a3-4013-7104920a12cc",
                    "workspaceId": "00000000-0000-0000-0000-000000000000",
                    "rootFolder": "Files"
                  },
                  "annotations": []
                }
              },
              "annotations": []
            }
          },
          "translator": {
            "type": "TabularTranslator",
            "typeConversion": true,
            "typeConversionSettings": {
              "allowDataTruncation": true,
              "treatBooleanAsNumber": false
            }
          },
          "enableStaging": false
        },
        "policy": {
          "timeout": "0.12:00:00",
          "retry": 0,
          "retryIntervalInSeconds": 30,
          "secureInput": false,
          "secureOutput": false
        },
        "name": "move data files to processed folder",
        "dependsOn": [
          {
            "activity": "IndexReturnSilver",
            "dependencyConditions": [
              "Succeeded"
            ]
          }
        ]
      },
      {
        "type": "Delete",
        "typeProperties": {
          "enableLogging": false,
          "datasetSettings": {
            "type": "Binary",
            "typeProperties": {
              "location": {
                "type": "LakehouseLocation",
                "folderPath": "proworkspace/IndexReturn/Bloomberg/Nightly"
              }
            },
            "linkedService": {
              "name": "lh_raw",
              "properties": {
                "type": "Lakehouse",
                "typeProperties": {
                  "artifactId": "a57e9e3f-d7ba-a2a3-4013-7104920a12cc",
                  "workspaceId": "00000000-0000-0000-0000-000000000000",
                  "rootFolder": "Files"
                },
                "annotations": []
              }
            },
            "annotations": []
          },
          "storeSettings": {
            "type": "LakehouseReadSettings",
            "recursive": false,
            "wildcardFileName": "*.txt",
            "enablePartitionDiscovery": false
          }
        },
        "policy": {
          "timeout": "0.12:00:00",
          "retry": 0,
          "retryIntervalInSeconds": 30,
          "secureInput": false,
          "secureOutput": false
        },
        "name": "Delete data files from original folder",
        "dependsOn": [
          {
            "activity": "move data files to processed folder",
            "dependencyConditions": [
              "Succeeded"
            ]
          }
        ]
      },
      {
        "type": "ExecutePipeline",
        "typeProperties": {
          "pipeline": {
            "referenceName": "ad5a99c8-d9e9-becf-4a6d-a582015ba66f",
            "type": "PipelineReference"
          },
          "parameters": {
            "JobName": "IndexReturnBloombergFileNormalization"
          },
          "waitOnCompletion": true
        },
        "policy": {
          "secureInput": false
        },
        "name": "Normalize Bloomberg benchmark data",
        "dependsOn": [
          {
            "activity": "Get Bloomberg Data to Bronze",
            "dependencyConditions": [
              "Succeeded"
            ]
          }
        ]
      }
    ],
    "variables": {
      "TriggerFilename": {
        "type": "String"
      },
      "testEvent": {
        "type": "String"
      }
    }
  }
}