{
  "properties": {
    "activities": [
      {
        "type": "Lookup",
        "typeProperties": {
          "source": {
            "type": "DataWarehouseSource",
            "sqlReaderStoredProcedureName": "[etl].[GetDatabaseTaskInfo]",
            "storedProcedureParameters": {
              "TaskAuditKey": {
                "type": "Int64",
                "value": {
                  "value": "@pipeline().parameters.TaskAuditKey",
                  "type": "Expression"
                }
              }
            },
            "partitionOption": "None",
            "queryTimeout": "02:00:00"
          },
          "datasetSettings": {
            "type": "DataWarehouseTable",
            "schema": [],
            "linkedService": {
              "name": "etlControl",
              "properties": {
                "type": "DataWarehouse",
                "typeProperties": {
                  "artifactId": "95db441c-1821-4183-bb87-3c23cd7a9253",
                  "endpoint": "ocjf6obnn2vujauxalhsb7ixzy-xbpfgmyhjw6etm5fzsi5hktm5u.datawarehouse.fabric.microsoft.com",
                  "workspaceId": "33535eb8-4d07-49bc-b3a5-cc91d3aa6ced"
                },
                "annotations": []
              }
            },
            "annotations": []
          },
          "firstRowOnly": true
        },
        "policy": {
          "timeout": "0.12:00:00",
          "retry": 0,
          "retryIntervalInSeconds": 30,
          "secureInput": false,
          "secureOutput": false
        },
        "name": "GetDatabaseTaskInfo",
        "dependsOn": []
      },
      {
        "type": "Copy",
        "typeProperties": {
          "source": {
            "type": "SqlMISource",
            "sqlReaderQuery": {
              "value": "@if(\n  empty(activity('GetDatabaseTaskInfo').output.firstRow.CustomSQLSourceQuery),\n  concat(\n    'SELECT * FROM [',\n    activity('GetDatabaseTaskInfo').output.firstRow.SourceSchemaName,\n    '].[', \n    activity('GetDatabaseTaskInfo').output.firstRow.SourceTableName,\n    ']',\n    if(\n      or(\n        empty(activity('GetDatabaseTaskInfo').output.firstRow.SourceWhereClause),\n        equals(trim(activity('GetDatabaseTaskInfo').output.firstRow.SourceWhereClause), '')\n      ),\n      '',\n      concat(' WHERE ', activity('GetDatabaseTaskInfo').output.firstRow.SourceWhereClause)\n    )\n  ),\n  activity('GetDatabaseTaskInfo').output.firstRow.CustomSQLSourceQuery\n)\n",
              "type": "Expression"
            },
            "partitionOption": "None",
            "datasetSettings": {
              "type": "AzureSqlMITable",
              "typeProperties": {
                "schema": {
                  "value": "@activity('GetDatabaseTaskInfo').output.firstRow.SourceSchemaName",
                  "type": "Expression"
                },
                "table": {
                  "value": "@activity('GetDatabaseTaskInfo').output.firstRow.SourceTableName",
                  "type": "Expression"
                }
              },
              "schema": [],
              "externalReferences": {
                "connection": "@variables('DBConnectionString')"
              },
              "annotations": []
            }
          },
          "sink": {
            "type": "ParquetSink",
            "formatSettings": {
              "type": "ParquetWriteSettings",
              "enableVertiParquet": true
            },
            "storeSettings": {
              "type": "LakehouseWriteSettings"
            },
            "datasetSettings": {
              "type": "Parquet",
              "typeProperties": {
                "location": {
                  "type": "LakehouseLocation",
                  "folderPath": {
                    "value": "@activity('GetDatabaseTaskInfo').output.firstRow.RawStoragePath",
                    "type": "Expression"
                  },
                  "fileName": {
                    "value": "@concat(activity('GetDatabaseTaskInfo').output.firstRow.RawStorageFileName,'.parquet')",
                    "type": "Expression"
                  }
                },
                "compressionCodec": "snappy"
              },
              "schema": [],
              "linkedService": {
                "name": "lh_raw",
                "properties": {
                  "type": "Lakehouse",
                  "typeProperties": {
                    "artifactId": "920a12cc-7104-4013-a2a3-d7baa57e9e3f",
                    "workspaceId": "33535eb8-4d07-49bc-b3a5-cc91d3aa6ced",
                    "rootFolder": "Files"
                  },
                  "annotations": []
                }
              },
              "annotations": []
            }
          },
          "translator": {
            "type": "TabularTranslator",
            "typeConversion": true,
            "typeConversionSettings": {
              "allowDataTruncation": true,
              "treatBooleanAsNumber": false
            }
          },
          "enableStaging": false
        },
        "policy": {
          "timeout": "0.12:00:00",
          "retry": 0,
          "retryIntervalInSeconds": 30,
          "secureInput": false,
          "secureOutput": false
        },
        "name": "SQL Server",
        "state": "Inactive",
        "onInactiveMarkAs": "Succeeded",
        "dependsOn": [
          {
            "activity": "Clear Raw Folder",
            "dependencyConditions": [
              "Succeeded"
            ]
          },
          {
            "activity": "DBName",
            "dependencyConditions": [
              "Succeeded"
            ]
          }
        ]
      },
      {
        "type": "TridentNotebook",
        "typeProperties": {
          "notebookId": "86682448-8ae5-4462-b152-b4b10be5b9b9",
          "workspaceId": "33535eb8-4d07-49bc-b3a5-cc91d3aa6ced",
          "parameters": {
            "TaskList": {
              "value": {
                "value": "@string(activity('GetDatabaseTaskInfo').output.firstRow)",
                "type": "Expression"
              },
              "type": "string"
            },
            "WorkspaceName": {
              "value": {
                "value": "@pipeline().libraryVariables.WorkspaceName",
                "type": "Expression"
              },
              "type": "string"
            },
            "RawLHId": {
              "value": {
                "value": "@pipeline().libraryVariables.RawLakehouseID",
                "type": "Expression"
              },
              "type": "string"
            },
            "BronzeLHId": {
              "value": {
                "value": "@pipeline().libraryVariables.BronzeLakehouseID",
                "type": "Expression"
              },
              "type": "string"
            },
            "WorkspaceId": {
              "value": {
                "value": "@pipeline().libraryVariables.WorkspaceID",
                "type": "Expression"
              },
              "type": "string"
            }
          },
          "sessionTag": "DBConvertNBSession"
        },
        "policy": {
          "timeout": "0.12:00:00",
          "retry": 0,
          "retryIntervalInSeconds": 30,
          "secureInput": false,
          "secureOutput": false
        },
        "name": "ConvertNonCompatibleDataTypes",
        "state": "Inactive",
        "onInactiveMarkAs": "Succeeded",
        "dependsOn": [
          {
            "activity": "SQL Server",
            "dependencyConditions": [
              "Succeeded"
            ]
          }
        ]
      },
      {
        "type": "Lookup",
        "typeProperties": {
          "source": {
            "type": "SqlMISource",
            "sqlReaderQuery": {
              "value": "@concat(\n    'SELECT COLUMN_NAME FROM INFORMATION_SCHEMA.COLUMNS ',\n    'WHERE TABLE_SCHEMA = ''',\n        activity('GetDatabaseTaskInfo').output.firstRow.SourceSchemaName,\n    ''' AND TABLE_NAME = ''',\n        activity('GetDatabaseTaskInfo').output.firstRow.SourceTableName,\n    ''' AND (\n            (\n                (COLUMN_NAME LIKE ''%Id'' OR COLUMN_NAME LIKE ''%ID'' OR COLUMN_NAME LIKE ''%_id'')\n                AND DATA_TYPE IN (''varchar'', ''nvarchar'', ''char'', ''nchar'', ''text'')\n            )\n            OR (\n                (COLUMN_NAME LIKE ''%Id'' OR COLUMN_NAME LIKE ''%ID'' OR COLUMN_NAME LIKE ''%_id'')\n                AND DATA_TYPE LIKE ''varbinary%'' \n            )\n            OR (\n                DATA_TYPE = ''uniqueidentifier''\n            )\n        )'\n)\n",
              "type": "Expression"
            },
            "partitionOption": "None"
          },
          "datasetSettings": {
            "type": "AzureSqlMITable",
            "schema": [],
            "externalReferences": {
              "connection": "@variables('DBConnectionString')"
            },
            "annotations": []
          },
          "firstRowOnly": false
        },
        "policy": {
          "timeout": "0.12:00:00",
          "retry": 0,
          "retryIntervalInSeconds": 30,
          "secureInput": false,
          "secureOutput": false
        },
        "name": "GetColumnsToConvert",
        "dependsOn": [
          {
            "activity": "DBName",
            "dependencyConditions": [
              "Succeeded"
            ]
          },
          {
            "activity": "Clear Raw Folder",
            "dependencyConditions": [
              "Succeeded"
            ]
          }
        ]
      },
      {
        "type": "Delete",
        "typeProperties": {
          "enableLogging": false,
          "datasetSettings": {
            "type": "Binary",
            "typeProperties": {
              "location": {
                "type": "LakehouseLocation",
                "folderPath": {
                  "value": "@concat(activity('GetDatabaseTaskInfo').output.firstRow.RawStoragePath)",
                  "type": "Expression"
                },
                "fileName": {
                  "value": "@concat(activity('GetDatabaseTaskInfo').output.firstRow.RawStorageFileName,'.parquet')",
                  "type": "Expression"
                }
              }
            },
            "linkedService": {
              "name": "lh_raw",
              "properties": {
                "type": "Lakehouse",
                "typeProperties": {
                  "artifactId": "a57e9e3f-d7ba-a2a3-4013-7104920a12cc",
                  "workspaceId": "00000000-0000-0000-0000-000000000000",
                  "rootFolder": "Files"
                },
                "annotations": []
              }
            },
            "annotations": []
          },
          "storeSettings": {
            "type": "LakehouseReadSettings",
            "recursive": true,
            "enablePartitionDiscovery": false
          }
        },
        "policy": {
          "timeout": "0.12:00:00",
          "retry": 0,
          "retryIntervalInSeconds": 30,
          "secureInput": false,
          "secureOutput": false
        },
        "name": "Clear Raw Folder",
        "description": "This will be replaced by archiving  mechanism",
        "dependsOn": [
          {
            "activity": "GetDatabaseTaskInfo",
            "dependencyConditions": [
              "Succeeded"
            ]
          }
        ]
      },
      {
        "type": "Switch",
        "typeProperties": {
          "on": {
            "value": "@activity('GetDatabaseTaskInfo').output.firstRow.SourceDatabaseName",
            "type": "Expression"
          },
          "cases": [
            {
              "value": "CrimsonX",
              "activities": [
                {
                  "type": "SetVariable",
                  "typeProperties": {
                    "variableName": "DBConnectionString",
                    "value": {
                      "value": "@pipeline().libraryVariables.CrimsonX",
                      "type": "Expression"
                    }
                  },
                  "policy": {
                    "secureInput": false,
                    "secureOutput": false
                  },
                  "name": "Set DBConnectionStringCrimsonX",
                  "dependsOn": []
                }
              ]
            },
            {
              "value": "HMCDataWarehouse",
              "activities": [
                {
                  "type": "SetVariable",
                  "typeProperties": {
                    "variableName": "DBConnectionString",
                    "value": {
                      "value": "@pipeline().libraryVariables.HMCDataWarehouse",
                      "type": "Expression"
                    }
                  },
                  "policy": {
                    "secureInput": false,
                    "secureOutput": false
                  },
                  "name": "Set DBConnectionStringHMCDataWarehouse",
                  "dependsOn": []
                }
              ]
            },
            {
              "value": "HMCDataMartInvestment",
              "activities": [
                {
                  "type": "SetVariable",
                  "typeProperties": {
                    "variableName": "DBConnectionString",
                    "value": {
                      "value": "@pipeline().libraryVariables.HMCDataMartInvestment",
                      "type": "Expression"
                    }
                  },
                  "policy": {
                    "secureInput": false,
                    "secureOutput": false
                  },
                  "name": "Set DBConnectionStringHMCDataMartInvestment",
                  "dependsOn": []
                }
              ]
            }
          ],
          "defaultActivities": [
            {
              "type": "Fail",
              "typeProperties": {
                "message": "Invalid input parameters",
                "errorCode": "000"
              },
              "name": "ThrowParameterFailure",
              "dependsOn": []
            }
          ]
        },
        "name": "DBName",
        "dependsOn": [
          {
            "activity": "GetDatabaseTaskInfo",
            "dependencyConditions": [
              "Succeeded"
            ]
          }
        ]
      },
      {
        "type": "ForEach",
        "typeProperties": {
          "items": {
            "value": "@activity('GetColumnsToConvert').output.value",
            "type": "Expression"
          },
          "activities": [
            {
              "type": "AppendVariable",
              "typeProperties": {
                "variableName": "ColumnsToConvert",
                "value": {
                  "value": "@concat('''',item().COLUMN_NAME,'''')\n",
                  "type": "Expression"
                }
              },
              "name": "CreateCommaDelimitedVar",
              "dependsOn": []
            },
            {
              "type": "AppendVariable",
              "typeProperties": {
                "variableName": "ColumnsToConvertCast",
                "value": {
                  "value": "@concat('LOWER(CAST([',item().COLUMN_NAME,'] AS VARCHAR(MAX))) AS ',item().COLUMN_NAME)\n",
                  "type": "Expression"
                }
              },
              "name": "CreateCastVariable",
              "dependsOn": []
            }
          ]
        },
        "name": "ForEachColumnToConvert",
        "dependsOn": [
          {
            "activity": "GetColumnsToConvert",
            "dependencyConditions": [
              "Succeeded"
            ]
          }
        ]
      },
      {
        "type": "Lookup",
        "typeProperties": {
          "source": {
            "type": "SqlMISource",
            "sqlReaderQuery": {
              "value": "@concat(\n    'SELECT COLUMN_NAME FROM INFORMATION_SCHEMA.COLUMNS ',\n    'WHERE TABLE_SCHEMA = ''',\n        activity('GetDatabaseTaskInfo').output.firstRow.SourceSchemaName,\n    ''' AND TABLE_NAME = ''',\n        activity('GetDatabaseTaskInfo').output.firstRow.SourceTableName,\n    '''',\n    if(\n        greater(length(variables('ColumnsToConvert')), 0),\n        concat(\n            ' AND COLUMN_NAME NOT IN (',\n            join(variables('ColumnsToConvert'), ','),\n            ')'\n        ),\n        ''\n    )\n)\n",
              "type": "Expression"
            },
            "partitionOption": "None"
          },
          "datasetSettings": {
            "type": "AzureSqlMITable",
            "schema": [],
            "externalReferences": {
              "connection": "@variables('DBConnectionString')"
            },
            "annotations": []
          },
          "firstRowOnly": false
        },
        "policy": {
          "timeout": "0.12:00:00",
          "retry": 0,
          "retryIntervalInSeconds": 30,
          "secureInput": false,
          "secureOutput": false
        },
        "name": "GetOtherColumns",
        "dependsOn": [
          {
            "activity": "ForEachColumnToConvert",
            "dependencyConditions": [
              "Succeeded"
            ]
          }
        ]
      },
      {
        "type": "Copy",
        "typeProperties": {
          "source": {
            "type": "SqlMISource",
            "sqlReaderQuery": {
              "value": "@concat(\n    'SELECT ',\n    join(variables('OtherColumns'), ','),\n    \n    if(\n        empty(variables('ColumnsToConvertCast')),\n        '', \n        concat(',', join(variables('ColumnsToConvertCast'), ','))\n    ),\n\n    ' FROM [',\n        activity('GetDatabaseTaskInfo').output.firstRow.SourceSchemaName,\n    '].[', \n        activity('GetDatabaseTaskInfo').output.firstRow.SourceTableName,\n    ']',\n\n    if(\n        or(\n            empty(activity('GetDatabaseTaskInfo').output.firstRow.SourceWhereClause),\n            equals(trim(activity('GetDatabaseTaskInfo').output.firstRow.SourceWhereClause), '')\n        ),\n        '',\n        concat(' WHERE ', activity('GetDatabaseTaskInfo').output.firstRow.SourceWhereClause)\n    )\n)\n",
              "type": "Expression"
            },
            "partitionOption": "None",
            "datasetSettings": {
              "type": "AzureSqlMITable",
              "typeProperties": {
                "schema": {
                  "value": "@activity('GetDatabaseTaskInfo').output.firstRow.SourceSchemaName",
                  "type": "Expression"
                },
                "table": {
                  "value": "@activity('GetDatabaseTaskInfo').output.firstRow.SourceTableName",
                  "type": "Expression"
                }
              },
              "schema": [],
              "externalReferences": {
                "connection": "@variables('DBConnectionString')"
              },
              "annotations": []
            }
          },
          "sink": {
            "type": "ParquetSink",
            "formatSettings": {
              "type": "ParquetWriteSettings",
              "enableVertiParquet": true
            },
            "storeSettings": {
              "type": "LakehouseWriteSettings"
            },
            "datasetSettings": {
              "type": "Parquet",
              "typeProperties": {
                "location": {
                  "type": "LakehouseLocation",
                  "folderPath": {
                    "value": "@activity('GetDatabaseTaskInfo').output.firstRow.RawStoragePath",
                    "type": "Expression"
                  },
                  "fileName": {
                    "value": "@concat(activity('GetDatabaseTaskInfo').output.firstRow.RawStorageFileName,'.parquet')",
                    "type": "Expression"
                  }
                },
                "compressionCodec": "snappy"
              },
              "schema": [],
              "linkedService": {
                "name": "lh_raw",
                "properties": {
                  "type": "Lakehouse",
                  "typeProperties": {
                    "artifactId": "a57e9e3f-d7ba-a2a3-4013-7104920a12cc",
                    "workspaceId": "00000000-0000-0000-0000-000000000000",
                    "rootFolder": "Files"
                  },
                  "annotations": []
                }
              },
              "annotations": []
            }
          },
          "translator": {
            "type": "TabularTranslator",
            "typeConversion": true,
            "typeConversionSettings": {
              "allowDataTruncation": true,
              "treatBooleanAsNumber": false
            }
          },
          "enableStaging": false
        },
        "policy": {
          "timeout": "0.12:00:00",
          "retry": 0,
          "retryIntervalInSeconds": 30,
          "secureInput": false,
          "secureOutput": false
        },
        "name": "SQL Server_Copy_ConvertedDataTypes",
        "dependsOn": [
          {
            "activity": "ForEachOtherColumn",
            "dependencyConditions": [
              "Succeeded"
            ]
          }
        ]
      },
      {
        "type": "ForEach",
        "typeProperties": {
          "items": {
            "value": "@activity('GetOtherColumns').output.value",
            "type": "Expression"
          },
          "activities": [
            {
              "type": "AppendVariable",
              "typeProperties": {
                "variableName": "OtherColumns",
                "value": {
                  "value": "@concat('[',item().COLUMN_NAME,']')\n",
                  "type": "Expression"
                }
              },
              "name": "CreateCommaDelimitedVar_Others",
              "dependsOn": []
            }
          ]
        },
        "name": "ForEachOtherColumn",
        "dependsOn": [
          {
            "activity": "GetOtherColumns",
            "dependencyConditions": [
              "Succeeded"
            ]
          }
        ]
      }
    ],
    "parameters": {
      "TaskAuditKey": {
        "type": "int"
      },
      "TaskQuery": {
        "type": "string"
      },
      "ETLLoadDateTime": {
        "type": "string"
      },
      "TaskKey": {
        "type": "string"
      }
    },
    "libraryVariables": {
      "CrimsonX": {
        "type": "String",
        "variableName": "CrimsonX",
        "libraryName": "Environment"
      },
      "HMCDataWarehouse": {
        "type": "String",
        "variableName": "HMCDataWarehouse",
        "libraryName": "Environment"
      },
      "HMCDataMartInvestment": {
        "type": "String",
        "variableName": "HMCDataMartInvestment",
        "libraryName": "Environment"
      },
      "WorkspaceName": {
        "type": "String",
        "variableName": "WorkspaceName",
        "libraryName": "Environment"
      },
      "WorkspaceID": {
        "type": "String",
        "variableName": "WorkspaceID",
        "libraryName": "Environment"
      },
      "RawLakehouseID": {
        "type": "String",
        "variableName": "RawLakehouseID",
        "libraryName": "Environment"
      },
      "BronzeLakehouseID": {
        "type": "String",
        "variableName": "BronzeLakehouseID",
        "libraryName": "Environment"
      }
    },
    "variables": {
      "DBConnectionString": {
        "type": "String"
      },
      "ColumnsToConvert": {
        "type": "Array"
      },
      "OtherColumns": {
        "type": "Array"
      },
      "ColumnsToConvertCast": {
        "type": "Array"
      }
    }
  }
}