{
  "properties": {
    "activities": [
      {
        "name": "Copy data1",
        "type": "Copy",
        "state": "Inactive",
        "onInactiveMarkAs": "Succeeded",
        "dependsOn": [],
        "policy": {
          "timeout": "0.12:00:00",
          "retry": 0,
          "retryIntervalInSeconds": 30,
          "secureOutput": false,
          "secureInput": false
        },
        "typeProperties": {
          "source": {
            "type": "SharePointOnlineListSource",
            "httpRequestTimeout": "00:05:00",
            "datasetSettings": {
              "annotations": [],
              "type": "SharePointOnlineListResource",
              "schema": [],
              "typeProperties": {},
              "externalReferences": {
                "connection": "cd702387-1a04-47ef-9700-6c8586531513"
              }
            }
          },
          "enableStaging": false
        }
      }
    ]
  }
}