{
  "properties": {
    "activities": [
      {
        "type": "Lookup",
        "typeProperties": {
          "source": {
            "type": "DataWarehouseSource",
            "sqlReaderQuery": {
              "value": "@concat('Select * FROM etl.Task where TaskKey=',pipeline().parameters.TaskKey)",
              "type": "Expression"
            },
            "partitionOption": "None",
            "queryTimeout": "02:00:00"
          },
          "datasetSettings": {
            "type": "DataWarehouseTable",
            "schema": [],
            "linkedService": {
              "name": "etlControl",
              "properties": {
                "type": "DataWarehouse",
                "typeProperties": {
                  "artifactId": "95db441c-1821-4183-bb87-3c23cd7a9253",
                  "endpoint": "ocjf6obnn2vujauxalhsb7ixzy-xbpfgmyhjw6etm5fzsi5hktm5u.datawarehouse.fabric.microsoft.com",
                  "workspaceId": "33535eb8-4d07-49bc-b3a5-cc91d3aa6ced"
                },
                "annotations": []
              }
            },
            "annotations": []
          },
          "firstRowOnly": false
        },
        "policy": {
          "timeout": "0.12:00:00",
          "retry": 0,
          "retryIntervalInSeconds": 30,
          "secureInput": false,
          "secureOutput": false
        },
        "name": "LookupTaskInfo",
        "dependsOn": []
      },
      {
        "type": "Lookup",
        "typeProperties": {
          "source": {
            "type": "DataWarehouseSource",
            "sqlReaderQuery": {
              "value": "@concat('Select * from etl.Task where TaskKey IN (',pipeline().parameters.TaskKey,')')",
              "type": "Expression"
            },
            "partitionOption": "None",
            "queryTimeout": "02:00:00"
          },
          "datasetSettings": {
            "type": "DataWarehouseTable",
            "schema": [],
            "linkedService": {
              "name": "etlControl",
              "properties": {
                "type": "DataWarehouse",
                "typeProperties": {
                  "artifactId": "95db441c-1821-4183-bb87-3c23cd7a9253",
                  "endpoint": "ocjf6obnn2vujauxalhsb7ixzy-xbpfgmyhjw6etm5fzsi5hktm5u.datawarehouse.fabric.microsoft.com",
                  "workspaceId": "33535eb8-4d07-49bc-b3a5-cc91d3aa6ced"
                },
                "annotations": []
              }
            },
            "annotations": []
          },
          "firstRowOnly": false
        },
        "policy": {
          "timeout": "0.12:00:00",
          "retry": 0,
          "retryIntervalInSeconds": 30,
          "secureInput": false,
          "secureOutput": false
        },
        "name": "LookupWatermarkInfo",
        "dependsOn": []
      },
      {
        "type": "IfCondition",
        "typeProperties": {
          "expression": {
            "value": "@if(\n  equals(\n    activity('LookupTaskInfo').output.value[0].CustomSQLSourceQuery,\n    null\n  ),\n  'False',\n  'True'\n)\n",
            "type": "Expression"
          },
          "ifTrueActivities": [],
          "ifFalseActivities": [
            {
              "type": "Copy",
              "typeProperties": {
                "source": {
                  "type": "LakehouseTableSource",
                  "datasetSettings": {
                    "type": "LakehouseTable",
                    "typeProperties": {
                      "schema": {
                        "value": "@activity('LookupTaskInfo').output.value[0].SourceSchemaName",
                        "type": "Expression"
                      },
                      "table": {
                        "value": "@activity('LookupTaskInfo').output.value[0].SourceTableName",
                        "type": "Expression"
                      }
                    },
                    "schema": [],
                    "linkedService": {
                      "name": "lh_bronze",
                      "properties": {
                        "type": "Lakehouse",
                        "typeProperties": {
                          "artifactId": "13ef97da-5da2-466d-8c5f-2a70572c6558",
                          "workspaceId": "33535eb8-4d07-49bc-b3a5-cc91d3aa6ced",
                          "rootFolder": "Tables"
                        },
                        "annotations": []
                      }
                    },
                    "annotations": []
                  }
                },
                "sink": {
                  "type": "LakehouseTableSink",
                  "tableActionOption": {
                    "value": "@if(\n  equals(toLower(trim(activity('LookupTaskInfo').output.value[0].SinkLoadMethod)), 'append'),\n  'Append',\n  if(\n    equals(toLower(trim(activity('LookupTaskInfo').output.value[0].SinkLoadMethod)), 'overwrite'),\n    'Overwrite',\n    if(\n      or(\n        equals(toLower(trim(activity('LookupTaskInfo').output.value[0].SinkLoadMethod)), 'merge'),\n        equals(toLower(trim(activity('LookupTaskInfo').output.value[0].SinkLoadMethod)), 'upsert')\n      ),\n      'Upsert',\n      trim(activity('LookupTaskInfo').output.value[0].SinkLoadMethod)\n    )\n  )\n)",
                    "type": "Expression"
                  },
                  "upsertSettings": {
                    "keys": {
                      "value": "@activity('LookupTaskInfo').output.value[0].PrimaryKeyColumnList",
                      "type": "Expression"
                    }
                  },
                  "partitionOption": "None",
                  "applyVOrder": true,
                  "datasetSettings": {
                    "type": "LakehouseTable",
                    "typeProperties": {
                      "schema": {
                        "value": "@activity('LookupTaskInfo').output.value[0].SinkSchemaName",
                        "type": "Expression"
                      },
                      "table": {
                        "value": "@activity('LookupTaskInfo').output.value[0].SinkTableName",
                        "type": "Expression"
                      }
                    },
                    "schema": [],
                    "linkedService": {
                      "name": "lh_curated",
                      "properties": {
                        "type": "Lakehouse",
                        "typeProperties": {
                          "artifactId": "e9fc4e80-ff69-4d45-bbdd-892592889465",
                          "workspaceId": "33535eb8-4d07-49bc-b3a5-cc91d3aa6ced",
                          "rootFolder": "Tables"
                        },
                        "annotations": []
                      }
                    },
                    "annotations": []
                  }
                },
                "translator": {
                  "type": "TabularTranslator",
                  "typeConversion": true,
                  "typeConversionSettings": {
                    "allowDataTruncation": true,
                    "treatBooleanAsNumber": false
                  }
                },
                "enableStaging": false
              },
              "policy": {
                "timeout": "0.12:00:00",
                "retry": 0,
                "retryIntervalInSeconds": 30,
                "secureInput": false,
                "secureOutput": false
              },
              "name": "BronzeToSilver",
              "dependsOn": []
            },
            {
              "type": "RefreshDataflow",
              "typeProperties": {
                "workspaceId": "33535eb8-4d07-49bc-b3a5-cc91d3aa6ced",
                "notifyOption": "NoNotification"
              },
              "policy": {
                "timeout": "0.12:00:00",
                "retry": 0,
                "retryIntervalInSeconds": 30,
                "secureInput": false,
                "secureOutput": false
              },
              "name": "Dataflow1",
              "dependsOn": []
            }
          ]
        },
        "name": "Is CustomSQLSourceQuery Present",
        "state": "Inactive",
        "onInactiveMarkAs": "Succeeded",
        "dependsOn": [
          {
            "activity": "LookupTaskInfo",
            "dependencyConditions": [
              "Succeeded"
            ]
          },
          {
            "activity": "LookupWatermarkInfo",
            "dependencyConditions": [
              "Succeeded"
            ]
          }
        ]
      },
      {
        "type": "TridentNotebook",
        "typeProperties": {
          "notebookId": "85ef8017-4323-8eda-412a-a5f83b3826fc",
          "workspaceId": "00000000-0000-0000-0000-000000000000",
          "parameters": {
            "TaskList": {
              "value": {
                "value": "@string(activity('LookupTaskInfo').output.value)",
                "type": "Expression"
              },
              "type": "string"
            },
            "GUIDList": {
              "value": null,
              "type": "string"
            },
            "BronzeLhId": {
              "value": {
                "value": "@pipeline().libraryVariables.bronzelhid",
                "type": "Expression"
              },
              "type": "string"
            },
            "CuratedLhId": {
              "value": {
                "value": "@pipeline().libraryVariables.curatedlhid",
                "type": "Expression"
              },
              "type": "string"
            },
            "WorkspaceId": {
              "value": {
                "value": "@pipeline().libraryVariables.workspaceid",
                "type": "Expression"
              },
              "type": "string"
            }
          },
          "sessionTag": "HCSession"
        },
        "policy": {
          "timeout": "0.12:00:00",
          "retry": 0,
          "retryIntervalInSeconds": 30,
          "secureInput": false,
          "secureOutput": false
        },
        "name": "NotebookBronzeToSilver",
        "dependsOn": [
          {
            "activity": "LookupTaskInfo",
            "dependencyConditions": [
              "Succeeded"
            ]
          }
        ]
      }
    ],
    "parameters": {
      "TaskKey": {
        "type": "string"
      }
    },
    "libraryVariables": {
      "rawlhid": {
        "type": "String",
        "variableName": "RawLakehouseID",
        "libraryName": "Environment"
      },
      "bronzelhid": {
        "type": "String",
        "variableName": "BronzeLakehouseID",
        "libraryName": "Environment"
      },
      "curatedlhid": {
        "type": "String",
        "variableName": "CuratedLakehouseID",
        "libraryName": "Environment"
      },
      "workspaceid": {
        "type": "String",
        "variableName": "WorkspaceID",
        "libraryName": "Environment"
      }
    }
  }
}