{
  "$schema": "https://developer.microsoft.com/json-schemas/fabric/item/variableLibrary/definition/valueSet/1.0.0/schema.json",
  "name": "main",
  "variableOverrides": [
    {
      "name": "WorkspaceName",
      "value": "Prod - Crimson"
    },
    {
      "name": "WorkspaceID",
      "value": "0f9438d4-52dc-4b2e-9b54-97a1b550e3b1"
    },
    {
      "name": "RawLakehouseID",
      "value": "288f04e2-6774-4e85-9356-c5751d72045a"
    },
    {
      "name": "BronzeLakehouseID",
      "value": "6ac22223-f7d8-415d-a653-596a10b40fd5"
    },
    {
      "name": "CuratedLakehouseID",
      "value": "10140aad-7998-4b00-9fac-a0ae08154898"
    },
    {
      "name": "KeyVaultName",
      "value": "kv-dc1prd-adf"
    },
    {
      "name": "SpnClientId",
      "value": "25dbc71e-b972-458f-a847-c74e7e947ba2"
    },
    {
      "name": "SpnSecretName",
      "value": "crimsonservice-prod-client-secret"
    },
    {
      "name": "CalculatorUrl",
      "value": "https://winfunctionappdotnet-prod1.azurewebsites.net/"
    }
  ]
}