{
  "$schema": "https://developer.microsoft.com/json-schemas/fabric/item/variableLibrary/definition/valueSet/1.0.0/schema.json",
  "name": "main",
  "variableOverrides": [
    {
      "name": "WorkspaceName",
      "value": "Prod- Crimson"
    },
    {
      "name": "WorkspaceID",
      "value": "0f9438d4-52dc-4b2e-9b54-97a1b550e3b1"
    },
    {
      "name": "RawLakehouseID",
      "value": "ffc6de64-8a3f-4329-85f4-075d83bf450a"
    },
    {
      "name": "BronzeLakehouseID",
      "value": "3dd32801-efce-4102-a81d-96f9dfc9c0d8"
    },
    {
      "name": "CuratedLakehouseID",
      "value": "470807bb-135b-4e5d-8c51-e35abe193d74"
    }
  ]
}