{
  "$schema": "https://developer.microsoft.com/json-schemas/fabric/item/variableLibrary/definition/valueSet/1.0.0/schema.json",
  "name": "stage",
  "variableOverrides": [
    {
      "name": "WorkspaceName",
      "value": "Stage - Crimson"
    },
    {
      "name": "WorkspaceID",
      "value": "19b9b7dd-6e5f-4579-9518-d127b0f393db"
    },
    {
      "name": "CuratedLakehouseID",
      "value": "01c1ddd8-f2c9-428e-8dd3-75fb7065259a"
    },
    {
      "name": "BronzeLakehouseID",
      "value": "bcb29720-951d-43b2-971b-0a4423e98268"
    },
    {
      "name": "RawLakehouseID",
      "value": "60ae457c-9b25-42f9-a11c-0864959da4f0"
    }
  ]
}