{
  "properties": {
    "activities": [
      {
        "type": "SetVariable",
        "typeProperties": {
          "variableName": "MaxTaskRunOrderNbr",
          "value": {
            "value": "@pipeline().parameters.MaxRunOrder",
            "type": "Expression"
          }
        },
        "policy": {
          "secureInput": false,
          "secureOutput": false
        },
        "name": "SetMaxOrderVariable",
        "dependsOn": []
      },
      {
        "type": "ForEach",
        "typeProperties": {
          "isSequential": true,
          "items": {
            "value": "@range(1, variables('MaxTaskRunOrderNbr'))\n",
            "type": "Expression"
          },
          "activities": [
            {
              "type": "ExecutePipeline",
              "typeProperties": {
                "pipeline": {
                  "referenceName": "367fb0ee-0d9b-a33b-472d-5206d3c8017d",
                  "type": "PipelineReference"
                },
                "parameters": {
                  "TaskList": {
                    "value": "@activity('FilterItems').output.value",
                    "type": "Expression"
                  }
                },
                "waitOnCompletion": true
              },
              "policy": {
                "secureInput": false
              },
              "name": "SQLCopyPipeline",
              "dependsOn": [
                {
                  "activity": "FilterItems",
                  "dependencyConditions": [
                    "Succeeded"
                  ]
                }
              ]
            },
            {
              "type": "Filter",
              "typeProperties": {
                "items": {
                  "value": "@pipeline().parameters.TaskList",
                  "type": "Expression"
                },
                "condition": {
                  "value": "@equals(item().TaskRunOrderNbr, variables('CurrentTaskRunOrder'))",
                  "type": "Expression"
                }
              },
              "name": "FilterItems",
              "dependsOn": [
                {
                  "activity": "SetCurrentTaskOrder",
                  "dependencyConditions": [
                    "Succeeded"
                  ]
                }
              ]
            },
            {
              "type": "SetVariable",
              "typeProperties": {
                "variableName": "CurrentTaskRunOrder",
                "value": {
                  "value": "@item()",
                  "type": "Expression"
                }
              },
              "policy": {
                "secureInput": false,
                "secureOutput": false
              },
              "name": "SetCurrentTaskOrder",
              "dependsOn": []
            }
          ]
        },
        "name": "ForEachTaskBatch",
        "description": "Per run order number",
        "dependsOn": [
          {
            "activity": "SetMaxOrderVariable",
            "dependencyConditions": [
              "Succeeded"
            ]
          }
        ]
      }
    ],
    "parameters": {
      "TaskList": {
        "type": "array"
      },
      "MaxRunOrder": {
        "type": "int"
      },
      "TaskAuditKey": {
        "type": "int"
      },
      "TaskQuery": {
        "type": "string"
      },
      "ETLLoadDateTime": {
        "type": "string"
      },
      "TaskKey": {
        "type": "string"
      }
    },
    "libraryVariables": {
      "CrimsonX": {
        "type": "String",
        "variableName": "CrimsonX",
        "libraryName": "Environment"
      },
      "HMCDataWarehouse": {
        "type": "String",
        "variableName": "HMCDataWarehouse",
        "libraryName": "Environment"
      },
      "HMCDataMartInvestment": {
        "type": "String",
        "variableName": "HMCDataMartInvestment",
        "libraryName": "Environment"
      },
      "WorkspaceName": {
        "type": "String",
        "variableName": "WorkspaceName",
        "libraryName": "Environment"
      },
      "WorkspaceID": {
        "type": "String",
        "variableName": "WorkspaceID",
        "libraryName": "Environment"
      },
      "RawLakehouseID": {
        "type": "String",
        "variableName": "RawLakehouseID",
        "libraryName": "Environment"
      },
      "BronzeLakehouseID": {
        "type": "String",
        "variableName": "BronzeLakehouseID",
        "libraryName": "Environment"
      }
    },
    "variables": {
      "DBConnectionString": {
        "type": "String"
      },
      "MaxTaskRunOrderNbr": {
        "type": "Integer"
      },
      "Check": {
        "type": "Array"
      },
      "CurrentTaskRunOrder": {
        "type": "Integer"
      }
    }
  }
}