{
  "$schema": "https://developer.microsoft.com/json-schemas/fabric/item/report/definition/visualContainer/2.2.0/schema.json",
  "name": "7db5ee55d5b86360602e",
  "position": {
    "x": 7.7811550151975686,
    "y": 388.08510638297872,
    "z": 3000,
    "height": 317.08206686930095,
    "width": 644.86322188449856,
    "tabOrder": 1000
  },
  "visual": {
    "visualType": "columnChart",
    "query": {
      "queryState": {
        "Category": {
          "projections": [
            {
              "field": {
                "Column": {
                  "Expression": {
                    "SourceRef": {
                      "Entity": "sys_dq_metrics"
                    }
                  },
                  "Property": "RefreshDate"
                }
              },
              "queryRef": "sys_dq_metrics.RefreshDateOld",
              "nativeQueryRef": "RefreshDateOld",
              "active": true
            }
          ]
        },
        "Tooltips": {
          "projections": [
            {
              "field": {
                "Measure": {
                  "Expression": {
                    "SourceRef": {
                      "Entity": "ConstraintTable"
                    }
                  },
                  "Property": "Selected SchemaName"
                }
              },
              "queryRef": "ConstraintTable.Selected SchemaName",
              "nativeQueryRef": "Selected SchemaName"
            },
            {
              "field": {
                "Measure": {
                  "Expression": {
                    "SourceRef": {
                      "Entity": "ConstraintTable"
                    }
                  },
                  "Property": "Selected MLVName"
                }
              },
              "queryRef": "ConstraintTable.Selected MLVName",
              "nativeQueryRef": "Selected MLVName"
            }
          ]
        },
        "Y": {
          "projections": [
            {
              "field": {
                "Measure": {
                  "Expression": {
                    "SourceRef": {
                      "Entity": "sys_dq_metrics"
                    }
                  },
                  "Property": "DroppedPercentage"
                }
              },
              "queryRef": "sys_dq_metrics.DroppedPercentage",
              "nativeQueryRef": "DroppedPercentage"
            },
            {
              "field": {
                "Measure": {
                  "Expression": {
                    "SourceRef": {
                      "Entity": "sys_dq_metrics"
                    }
                  },
                  "Property": "WrittenPercentage"
                }
              },
              "queryRef": "sys_dq_metrics.WrittenPercentage",
              "nativeQueryRef": "WrittenPercentage"
            }
          ]
        }
      },
      "sortDefinition": {
        "sort": [
          {
            "field": {
              "Column": {
                "Expression": {
                  "SourceRef": {
                    "Entity": "sys_dq_metrics"
                  }
                },
                "Property": "RefreshDate"
              }
            },
            "direction": "Ascending"
          }
        ],
        "isDefaultSort": true
      }
    },
    "objects": {
      "categoryAxis": [
        {
          "properties": {
            "axisType": {
              "expr": {
                "Literal": {
                  "Value": "'Categorical'"
                }
              }
            },
            "maxMarginFactor": {
              "expr": {
                "Literal": {
                  "Value": "33L"
                }
              }
            },
            "concatenateLabels": {
              "expr": {
                "Literal": {
                  "Value": "false"
                }
              }
            },
            "labelColor": {
              "solid": {
                "color": {
                  "expr": {
                    "ThemeDataColor": {
                      "ColorId": 1,
                      "Percent": 0
                    }
                  }
                }
              }
            },
            "showAxisTitle": {
              "expr": {
                "Literal": {
                  "Value": "false"
                }
              }
            },
            "innerPadding": {
              "expr": {
                "Literal": {
                  "Value": "19L"
                }
              }
            }
          }
        }
      ],
      "valueAxis": [
        {
          "properties": {
            "titleText": {
              "expr": {
                "Literal": {
                  "Value": "'Percentage'"
                }
              }
            },
            "showAxisTitle": {
              "expr": {
                "Literal": {
                  "Value": "false"
                }
              }
            }
          }
        }
      ],
      "legend": [
        {
          "properties": {
            "show": {
              "expr": {
                "Literal": {
                  "Value": "true"
                }
              }
            },
            "position": {
              "expr": {
                "Literal": {
                  "Value": "'BottomCenter'"
                }
              }
            },
            "fontSize": {
              "expr": {
                "Literal": {
                  "Value": "9D"
                }
              }
            },
            "bold": {
              "expr": {
                "Literal": {
                  "Value": "false"
                }
              }
            },
            "labelColor": {
              "solid": {
                "color": {
                  "expr": {
                    "ThemeDataColor": {
                      "ColorId": 1,
                      "Percent": 0
                    }
                  }
                }
              }
            }
          }
        }
      ],
      "labels": [
        {
          "properties": {
            "show": {
              "expr": {
                "Literal": {
                  "Value": "true"
                }
              }
            },
            "fontSize": {
              "expr": {
                "Literal": {
                  "Value": "9D"
                }
              }
            },
            "color": {
              "solid": {
                "color": {
                  "expr": {
                    "ThemeDataColor": {
                      "ColorId": 1,
                      "Percent": 0
                    }
                  }
                }
              }
            },
            "enableTitleDataLabel": {
              "expr": {
                "Literal": {
                  "Value": "false"
                }
              }
            },
            "labelDisplayUnits": {
              "expr": {
                "Literal": {
                  "Value": "1D"
                }
              }
            },
            "labelContentLayout": {
              "expr": {
                "Literal": {
                  "Value": "'SingleLine'"
                }
              }
            },
            "labelOrientation": {
              "expr": {
                "Literal": {
                  "Value": "0D"
                }
              }
            }
          }
        }
      ],
      "dataPoint": [
        {
          "properties": {
            "fill": {
              "solid": {
                "color": {
                  "expr": {
                    "ThemeDataColor": {
                      "ColorId": 2,
                      "Percent": 0
                    }
                  }
                }
              }
            },
            "fillTransparency": {
              "expr": {
                "Literal": {
                  "Value": "31D"
                }
              }
            },
            "borderShow": {
              "expr": {
                "Literal": {
                  "Value": "true"
                }
              }
            },
            "borderColorMatchFill": {
              "expr": {
                "Literal": {
                  "Value": "true"
                }
              }
            },
            "borderTransparency": {
              "expr": {
                "Literal": {
                  "Value": "16D"
                }
              }
            }
          },
          "selector": {
            "metadata": "sys_dq_metrics.DroppedPercentage"
          }
        },
        {
          "properties": {
            "fill": {
              "solid": {
                "color": {
                  "expr": {
                    "ThemeDataColor": {
                      "ColorId": 5,
                      "Percent": 0
                    }
                  }
                }
              }
            },
            "borderShow": {
              "expr": {
                "Literal": {
                  "Value": "true"
                }
              }
            },
            "borderColorMatchFill": {
              "expr": {
                "Literal": {
                  "Value": "true"
                }
              }
            },
            "borderTransparency": {
              "expr": {
                "Literal": {
                  "Value": "0D"
                }
              }
            },
            "fillTransparency": {
              "expr": {
                "Literal": {
                  "Value": "26D"
                }
              }
            }
          },
          "selector": {
            "metadata": "sys_dq_metrics.WrittenPercentage"
          }
        }
      ],
      "ribbonBands": [
        {
          "properties": {
            "show": {
              "expr": {
                "Literal": {
                  "Value": "false"
                }
              }
            }
          }
        }
      ],
      "totals": [
        {
          "properties": {
            "show": {
              "expr": {
                "Literal": {
                  "Value": "false"
                }
              }
            }
          }
        }
      ],
      "layout": [
        {
          "properties": {
            "stackedGapExplodes": {
              "expr": {
                "Literal": {
                  "Value": "true"
                }
              }
            },
            "stackedGapSize": {
              "expr": {
                "Literal": {
                  "Value": "7D"
                }
              }
            },
            "seriesOrderSorted": {
              "expr": {
                "Literal": {
                  "Value": "true"
                }
              }
            },
            "seriesOrderReversed": {
              "expr": {
                "Literal": {
                  "Value": "false"
                }
              }
            }
          }
        }
      ]
    },
    "visualContainerObjects": {
      "title": [
        {
          "properties": {
            "text": {
              "expr": {
                "Literal": {
                  "Value": "'MLV Data Flow Health – Dropped Vs Written Rows Over Time'"
                }
              }
            },
            "titleWrap": {
              "expr": {
                "Literal": {
                  "Value": "true"
                }
              }
            },
            "fontColor": {
              "solid": {
                "color": {
                  "expr": {
                    "ThemeDataColor": {
                      "ColorId": 1,
                      "Percent": 0
                    }
                  }
                }
              }
            },
            "fontSize": {
              "expr": {
                "Literal": {
                  "Value": "10D"
                }
              }
            },
            "fontFamily": {
              "expr": {
                "Literal": {
                  "Value": "'''Segoe UI'', wf_segoe-ui_normal, helvetica, arial, sans-serif'"
                }
              }
            }
          }
        }
      ],
      "background": [
        {
          "properties": {
            "show": {
              "expr": {
                "Literal": {
                  "Value": "true"
                }
              }
            },
            "transparency": {
              "expr": {
                "Literal": {
                  "Value": "0D"
                }
              }
            }
          }
        }
      ],
      "border": [
        {
          "properties": {
            "show": {
              "expr": {
                "Literal": {
                  "Value": "true"
                }
              }
            },
            "color": {
              "solid": {
                "color": {
                  "expr": {
                    "ThemeDataColor": {
                      "ColorId": 0,
                      "Percent": -0.2
                    }
                  }
                }
              }
            },
            "radius": {
              "expr": {
                "Literal": {
                  "Value": "10D"
                }
              }
            },
            "width": {
              "expr": {
                "Literal": {
                  "Value": "1D"
                }
              }
            }
          }
        }
      ]
    },
    "drillFilterOtherVisuals": true
  },
  "filterConfig": {
    "filters": [
      {
        "name": "92a01e77ee3b89794605",
        "field": {
          "Column": {
            "Expression": {
              "SourceRef": {
                "Entity": "sys_dq_metrics"
              }
            },
            "Property": "RefreshDate"
          }
        },
        "type": "Categorical"
      },
      {
        "name": "df3263e816c412007b51",
        "field": {
          "Measure": {
            "Expression": {
              "SourceRef": {
                "Entity": "sys_dq_metrics"
              }
            },
            "Property": "DroppedPercentage"
          }
        },
        "type": "Advanced"
      },
      {
        "name": "dbc2b4092b0eb9719add",
        "field": {
          "Measure": {
            "Expression": {
              "SourceRef": {
                "Entity": "sys_dq_metrics"
              }
            },
            "Property": "WrittenPercentage"
          }
        },
        "type": "Advanced"
      },
      {
        "name": "ff67ee137ed1e7b8d4d0",
        "field": {
          "Measure": {
            "Expression": {
              "SourceRef": {
                "Entity": "ConstraintTable"
              }
            },
            "Property": "Selected SchemaName"
          }
        },
        "type": "Advanced"
      },
      {
        "name": "c4dbc266c2aa0e08332b",
        "field": {
          "Measure": {
            "Expression": {
              "SourceRef": {
                "Entity": "ConstraintTable"
              }
            },
            "Property": "Selected MLVName"
          }
        },
        "type": "Advanced"
      }
    ]
  }
}