{
  "sources": [
    {
      "id": "75ee79e0-2816-4d17-ab04-bfd8e229b731",
      "name": "EventLinks",
      "type": "AzureBlobStorageEvents",
      "properties": {
        "azureBlobStorageEvents": [
          {
            "id": "b9d54d24-e320-4e38-b82e-ef04cf67dc1b",
            "azureResourceId": "/subscriptions/e58caacc-5472-49a5-96fd-dc6b0c0b0494/resourceGroups/rg-datascience-prod/providers/Microsoft.Storage/storageAccounts/stprowrkspc6ex",
            "includedEventTypes": [
              "Microsoft.Storage.BlobCreated"
            ]
          }
        ],
        "streamEvents": true
      }
    }
  ],
  "destinations": [],
  "streams": [
    {
      "id": "030a208e-5445-4e18-a9e5-c3eec117c05b",
      "name": "SolovisReconEventStream-stream",
      "type": "DefaultStream",
      "properties": {},
      "inputNodes": []
    }
  ],
  "operators": [],
  "compatibilityLevel": "1.1"
}