{
  "sources": [
    {
      "id": "46a94503-2bf5-441b-99b6-1d3fab6f632e",
      "name": "EventLinks",
      "type": "AzureBlobStorageEvents",
      "properties": {
        "azureBlobStorageEvents": [
          {
            "id": "7fbd3a1f-0809-4fb3-b1dd-a823d6f7f5b7",
            "azureResourceId": "/subscriptions/e58caacc-5472-49a5-96fd-dc6b0c0b0494/resourceGroups/rg-datascience-prod/providers/Microsoft.Storage/storageAccounts/stprowrkspc6ex",
            "includedEventTypes": [
              "Microsoft.Storage.BlobCreated"
            ]
          }
        ],
        "streamEvents": true
      }
    }
  ],
  "destinations": [],
  "streams": [
    {
      "id": "2050b757-a2a0-4bae-8afe-5bcad0ea8dfd",
      "name": "IndexReturnManualEventStream-stream",
      "type": "DefaultStream",
      "properties": {},
      "inputNodes": []
    }
  ],
  "operators": [],
  "compatibilityLevel": "1.1"
}