{
  "properties": {
    "activities": [
      {
        "type": "SetVariable",
        "typeProperties": {
          "variableName": "EtlLoadDateTime",
          "value": {
            "value": "@concat(\n    substring(pipeline().TriggerTime, 0, 4),\n    substring(pipeline().TriggerTime, 5, 2),\n    substring(pipeline().TriggerTime, 8, 2),\n    'T',\n    substring(pipeline().TriggerTime, 11, 2),\n    substring(pipeline().TriggerTime, 14, 2),\n    substring(pipeline().TriggerTime, 17, 2),\n    'Z'\n)",
            "type": "Expression"
          }
        },
        "policy": {
          "secureInput": false,
          "secureOutput": false
        },
        "name": "SetEtlLoadDateTime",
        "description": "Set EtlLoadDateTime with format yyyyMMdd'T'HHmmss'Z' (example: 20241030T132434Z)",
        "dependsOn": []
      },
      {
        "type": "Lookup",
        "typeProperties": {
          "source": {
            "type": "DataWarehouseSource",
            "sqlReaderStoredProcedureName": "[etl].[JobAuditStart]",
            "storedProcedureParameters": {
              "FabricWorkspaceID": {
                "type": "String",
                "value": {
                  "value": "@pipeline().DataFactory",
                  "type": "Expression"
                }
              },
              "PipelineRunID": {
                "type": "String",
                "value": {
                  "value": "@pipeline().RunId",
                  "type": "Expression"
                }
              },
              "JobName": {
                "type": "String",
                "value": {
                  "value": "@pipeline().parameters.JobName",
                  "type": "Expression"
                }
              },
              "TaskKeyList": {
                "type": "String",
                "value": {
                  "value": "@pipeline().parameters.TaskKeyList",
                  "type": "Expression"
                }
              }
            },
            "partitionOption": "None",
            "queryTimeout": "02:00:00"
          },
          "datasetSettings": {
            "type": "DataWarehouseTable",
            "schema": [],
            "linkedService": {
              "name": "etlControl",
              "properties": {
                "type": "DataWarehouse",
                "typeProperties": {
                  "artifactId": "95db441c-1821-4183-bb87-3c23cd7a9253",
                  "endpoint": "ocjf6obnn2vujauxalhsb7ixzy-xbpfgmyhjw6etm5fzsi5hktm5u.datawarehouse.fabric.microsoft.com",
                  "workspaceId": "33535eb8-4d07-49bc-b3a5-cc91d3aa6ced"
                },
                "annotations": []
              }
            },
            "annotations": []
          }
        },
        "policy": {
          "timeout": "0.12:00:00",
          "retry": 4,
          "retryIntervalInSeconds": 30,
          "secureInput": false,
          "secureOutput": false
        },
        "name": "JobAuditStart",
        "description": "Creates the JobAudit to start a Job whether it's a defined job (per job name) or ad-hoc job (TaskKey). A Job will execute 1 or more Tasks assigned to either the JobName, or TaskKey depending on which value is provided in the pipeline parameters.",
        "dependsOn": [
          {
            "activity": "SetEtlLoadDateTime",
            "dependencyConditions": [
              "Succeeded"
            ]
          },
          {
            "activity": "ReleaseJobAuditStartLock",
            "dependencyConditions": [
              "Succeeded"
            ]
          },
          {
            "activity": "TriggeredBy",
            "dependencyConditions": [
              "Succeeded"
            ]
          },
          {
            "activity": "GetWorkspaceName",
            "dependencyConditions": [
              "Succeeded"
            ]
          }
        ]
      },
      {
        "type": "IfCondition",
        "typeProperties": {
          "expression": {
            "value": "@equals(activity('JobAuditStart').output.firstRow.JobAuditKey, 0)",
            "type": "Expression"
          },
          "ifTrueActivities": [
            {
              "type": "Fail",
              "typeProperties": {
                "message": "Invalid input parameters",
                "errorCode": "000"
              },
              "name": "ThrowParameterFailure",
              "dependsOn": []
            }
          ],
          "ifFalseActivities": []
        },
        "name": "IfJobNotStarted",
        "dependsOn": [
          {
            "activity": "JobAuditStart",
            "dependencyConditions": [
              "Succeeded"
            ]
          }
        ]
      },
      {
        "type": "SqlServerStoredProcedure",
        "typeProperties": {
          "storedProcedureName": "[etl].[JobAuditComplete]",
          "storedProcedureParameters": {
            "JobAuditKey": {
              "value": {
                "value": "@activity('JobAuditStart').output.firstRow.JobAuditKey",
                "type": "Expression"
              },
              "type": "Int64"
            }
          }
        },
        "linkedService": {
          "name": "etlControl",
          "properties": {
            "type": "DataWarehouse",
            "typeProperties": {
              "artifactId": "95db441c-1821-4183-bb87-3c23cd7a9253",
              "endpoint": "ocjf6obnn2vujauxalhsb7ixzy-xbpfgmyhjw6etm5fzsi5hktm5u.datawarehouse.fabric.microsoft.com",
              "workspaceId": "33535eb8-4d07-49bc-b3a5-cc91d3aa6ced"
            },
            "annotations": []
          }
        },
        "policy": {
          "timeout": "0.12:00:00",
          "retry": 2,
          "retryIntervalInSeconds": 30,
          "secureInput": false,
          "secureOutput": false
        },
        "name": "JobAuditComplete",
        "description": "Set the status of the JobAudit to Success.",
        "dependsOn": [
          {
            "activity": "TaskType",
            "dependencyConditions": [
              "Succeeded"
            ]
          }
        ]
      },
      {
        "type": "SqlServerStoredProcedure",
        "typeProperties": {
          "storedProcedureName": "[etl].[JobAuditFailure]",
          "storedProcedureParameters": {
            "JobAuditKey": {
              "value": {
                "value": "@activity('JobAuditStart').output.firstRow.JobAuditKey",
                "type": "Expression"
              },
              "type": "Int64"
            }
          }
        },
        "linkedService": {
          "name": "etlControl",
          "properties": {
            "type": "DataWarehouse",
            "typeProperties": {
              "artifactId": "95db441c-1821-4183-bb87-3c23cd7a9253",
              "endpoint": "ocjf6obnn2vujauxalhsb7ixzy-xbpfgmyhjw6etm5fzsi5hktm5u.datawarehouse.fabric.microsoft.com",
              "workspaceId": "33535eb8-4d07-49bc-b3a5-cc91d3aa6ced"
            },
            "annotations": []
          }
        },
        "policy": {
          "timeout": "0.12:00:00",
          "retry": 2,
          "retryIntervalInSeconds": 30,
          "secureInput": false,
          "secureOutput": false
        },
        "name": "JobAuditFailure",
        "description": "Set the status of the JobAudit to Failed because one or more inner activities failed.",
        "state": "Active",
        "onInactiveMarkAs": "Succeeded",
        "dependsOn": [
          {
            "activity": "TaskType",
            "dependencyConditions": [
              "Failed"
            ]
          }
        ]
      },
      {
        "type": "Fail",
        "typeProperties": {
          "message": "Job failed due to one or more Tasks failing. Check JobAudit and TaskAudit for details",
          "errorCode": "000"
        },
        "name": "ThrowTasksFailure",
        "state": "Inactive",
        "onInactiveMarkAs": "Succeeded",
        "dependsOn": [
          {
            "activity": "JobAuditFailure",
            "dependencyConditions": [
              "Succeeded"
            ]
          }
        ]
      },
      {
        "type": "SqlServerStoredProcedure",
        "typeProperties": {
          "storedProcedureName": "[etl].[ReleaseJobAuditStartLock]"
        },
        "linkedService": {
          "name": "etlControl",
          "properties": {
            "type": "DataWarehouse",
            "typeProperties": {
              "artifactId": "95db441c-1821-4183-bb87-3c23cd7a9253",
              "endpoint": "ocjf6obnn2vujauxalhsb7ixzy-xbpfgmyhjw6etm5fzsi5hktm5u.datawarehouse.fabric.microsoft.com",
              "workspaceId": "33535eb8-4d07-49bc-b3a5-cc91d3aa6ced"
            },
            "annotations": []
          }
        },
        "policy": {
          "timeout": "0.12:00:00",
          "retry": 4,
          "retryIntervalInSeconds": 30,
          "secureInput": false,
          "secureOutput": false
        },
        "name": "ReleaseJobAuditStartLock",
        "dependsOn": []
      },
      {
        "type": "Office365Outlook",
        "typeProperties": {
          "inputs": {
            "body": {
              "Sensitivity": "",
              "Importance": "Normal",
              "To": "majewskid@hmc.harvard.edu; walshm@hmc.harvard.edu; cowleyb@hmc.harvard.edu; mmistry@3cloudsolutions.com; kate.talipnao@3cloudsolutions.com; jason.barretto@3cloudsolutions.com; zaveloff@hmc.harvard.edu",
              "Subject": "Pipeline Failure: @{variables('WorkspaceName')} - @{variables('Triggeredby')}",
              "Body": "<p>Workspace Name: @{variables('WorkspaceName')}</p>\n<p>Workspace ID: &nbsp;@{pipeline().DataFactory}</p>\n<p>Pipeline: @{pipeline().PipelineName}</p>\n<p>Time: @{variables('EtlLoadDateTime')}</p>\n<p>Run Id: @{pipeline().RunId}</p>\n<p>JobName|TaskKey: @{pipeline().parameters.JobName}|@{pipeline().parameters.TaskKeyList}</p>"
            },
            "method": "post",
            "path": "/v2/Mail"
          }
        },
        "name": "SendMasterFailureEmail",
        "state": "Inactive",
        "onInactiveMarkAs": "Succeeded",
        "dependsOn": [
          {
            "activity": "JobAuditFailure",
            "dependencyConditions": [
              "Succeeded"
            ]
          }
        ]
      },
      {
        "type": "SetVariable",
        "typeProperties": {
          "variableName": "WorkspaceName",
          "value": {
            "value": "@pipeline().libraryVariables.Environment_WorkspaceName",
            "type": "Expression"
          }
        },
        "policy": {
          "secureInput": false,
          "secureOutput": false
        },
        "name": "GetWorkspaceName",
        "dependsOn": []
      },
      {
        "type": "SetVariable",
        "typeProperties": {
          "variableName": "Triggeredby",
          "value": {
            "value": "@coalesce(pipeline()?.TriggeredByPipelineName,concat('NA - ', pipeline().TriggerType))",
            "type": "Expression"
          }
        },
        "policy": {
          "secureInput": false,
          "secureOutput": false
        },
        "name": "TriggeredBy",
        "dependsOn": []
      },
      {
        "type": "Office365Outlook",
        "typeProperties": {
          "inputs": {
            "body": {
              "Sensitivity": "",
              "Importance": "Normal",
              "To": "majewskid@hmc.harvard.edu; walshm@hmc.harvard.edu; cowleyb@hmc.harvard.edu; mmistry@3cloudsolutions.com; kate.talipnao@3cloudsolutions.com; jason.barretto@3cloudsolutions.com;zaveloff@hmc.harvard.edu",
              "Subject": "Pipeline Success: @{variables('WorkspaceName')} - @{variables('Triggeredby')}",
              "Body": "<p>Workspace Name: @{variables('WorkspaceName')}</p>\n<p>Workspace ID: &nbsp;@{pipeline().DataFactory}</p>\n<p>Pipeline: @{pipeline().PipelineName}</p>\n<p>Time: @{variables('EtlLoadDateTime')}</p>\n<p>Run Id: @{pipeline().RunId}</p>\n<p>JobName|TaskKey: @{pipeline().parameters.JobName}|@{pipeline().parameters.TaskKeyList}</p>\n<p><br></p>"
            },
            "method": "post",
            "path": "/v2/Mail"
          }
        },
        "name": "SendMasterSuccessEmail",
        "state": "Inactive",
        "onInactiveMarkAs": "Succeeded",
        "dependsOn": [
          {
            "activity": "JobAuditComplete",
            "dependencyConditions": [
              "Succeeded"
            ]
          }
        ]
      },
      {
        "type": "Switch",
        "typeProperties": {
          "on": {
            "value": "@activity('TaskAuditStartBatch').output.firstRow.TaskType\n",
            "type": "Expression"
          },
          "cases": [
            {
              "value": "BronzeToSilver",
              "activities": [
                {
                  "type": "TridentNotebook",
                  "typeProperties": {
                    "notebookId": "9bf3c1b7-a334-90a8-4318-02a4e48ade5d",
                    "workspaceId": "00000000-0000-0000-0000-000000000000",
                    "parameters": {
                      "TaskList": {
                        "value": {
                          "value": "@string(activity('TaskList').output.value)",
                          "type": "Expression"
                        },
                        "type": "string"
                      },
                      "WorkspaceId": {
                        "value": {
                          "value": "@pipeline().libraryVariables.Environment_WorkspaceID",
                          "type": "Expression"
                        },
                        "type": "string"
                      },
                      "CuratedLhId": {
                        "value": {
                          "value": "@pipeline().libraryVariables.Environment_CuratedLakehouseID",
                          "type": "Expression"
                        },
                        "type": "string"
                      },
                      "BronzeLhId": {
                        "value": {
                          "value": "@pipeline().libraryVariables.Environment_BronzeLakehouseID",
                          "type": "Expression"
                        },
                        "type": "string"
                      },
                      "TaskAudit": {
                        "value": {
                          "value": "@string(activity('GetTaskAudit').output.value)",
                          "type": "Expression"
                        },
                        "type": "string"
                      }
                    },
                    "sessionTag": "NotebookSession"
                  },
                  "policy": {
                    "timeout": "0.12:00:00",
                    "retry": 0,
                    "retryIntervalInSeconds": 30,
                    "secureInput": false,
                    "secureOutput": false
                  },
                  "name": "RunTask_BronzeToSilver",
                  "dependsOn": [
                    {
                      "activity": "GetTaskList",
                      "dependencyConditions": [
                        "Succeeded"
                      ]
                    },
                    {
                      "activity": "GetTaskAudit",
                      "dependencyConditions": [
                        "Succeeded"
                      ]
                    }
                  ]
                },
                {
                  "type": "Lookup",
                  "typeProperties": {
                    "source": {
                      "type": "DataWarehouseSource",
                      "sqlReaderQuery": {
                        "value": "@concat(\n    'SELECT * FROM etl.Task WHERE TaskKey IN (',\n    'SELECT TaskKey FROM etl.TaskAudit WHERE JobAuditKey IN (''',\n    string(activity('JobAuditStart').output.firstRow.JobAuditKey),\n    '''))'\n)\n",
                        "type": "Expression"
                      },
                      "partitionOption": "None",
                      "queryTimeout": "02:00:00"
                    },
                    "datasetSettings": {
                      "type": "DataWarehouseTable",
                      "schema": [],
                      "linkedService": {
                        "name": "etlControl",
                        "properties": {
                          "type": "DataWarehouse",
                          "typeProperties": {
                            "artifactId": "95db441c-1821-4183-bb87-3c23cd7a9253",
                            "endpoint": "ocjf6obnn2vujauxalhsb7ixzy-xbpfgmyhjw6etm5fzsi5hktm5u.datawarehouse.fabric.microsoft.com",
                            "workspaceId": "33535eb8-4d07-49bc-b3a5-cc91d3aa6ced"
                          },
                          "annotations": []
                        }
                      },
                      "annotations": []
                    },
                    "firstRowOnly": false
                  },
                  "policy": {
                    "timeout": "0.12:00:00",
                    "retry": 0,
                    "retryIntervalInSeconds": 30,
                    "secureInput": false,
                    "secureOutput": false
                  },
                  "name": "GetTaskList",
                  "state": "Inactive",
                  "onInactiveMarkAs": "Succeeded",
                  "dependsOn": []
                },
                {
                  "type": "Lookup",
                  "typeProperties": {
                    "source": {
                      "type": "DataWarehouseSource",
                      "sqlReaderQuery": {
                        "value": "@concat('Select * from etl.TaskAudit where JobAuditKey = ',activity('JobAuditStart').output.firstRow.JobAuditKey)",
                        "type": "Expression"
                      },
                      "partitionOption": "None",
                      "queryTimeout": "02:00:00"
                    },
                    "datasetSettings": {
                      "type": "DataWarehouseTable",
                      "schema": [],
                      "linkedService": {
                        "name": "etlControl",
                        "properties": {
                          "type": "DataWarehouse",
                          "typeProperties": {
                            "artifactId": "95db441c-1821-4183-bb87-3c23cd7a9253",
                            "endpoint": "ocjf6obnn2vujauxalhsb7ixzy-xbpfgmyhjw6etm5fzsi5hktm5u.datawarehouse.fabric.microsoft.com",
                            "workspaceId": "33535eb8-4d07-49bc-b3a5-cc91d3aa6ced"
                          },
                          "annotations": []
                        }
                      },
                      "annotations": []
                    },
                    "firstRowOnly": false
                  },
                  "policy": {
                    "timeout": "0.12:00:00",
                    "retry": 0,
                    "retryIntervalInSeconds": 30,
                    "secureInput": false,
                    "secureOutput": false
                  },
                  "name": "GetTaskAudit",
                  "dependsOn": []
                },
                {
                  "type": "SqlServerStoredProcedure",
                  "typeProperties": {
                    "storedProcedureName": "[etl].[TaskAuditBatchUpdate]",
                    "storedProcedureParameters": {
                      "AuditJson": {
                        "value": {
                          "value": "@string(activity('RunTask_BronzeToSilver').output.result.exitValue)\n",
                          "type": "Expression"
                        },
                        "type": "String"
                      },
                      "JobAuditKey": {
                        "value": {
                          "value": "@activity('JobAuditStart').output.firstRow.JobAuditKey",
                          "type": "Expression"
                        },
                        "type": "Int64"
                      }
                    }
                  },
                  "linkedService": {
                    "name": "etlControl",
                    "properties": {
                      "type": "DataWarehouse",
                      "typeProperties": {
                        "artifactId": "95db441c-1821-4183-bb87-3c23cd7a9253",
                        "endpoint": "ocjf6obnn2vujauxalhsb7ixzy-xbpfgmyhjw6etm5fzsi5hktm5u.datawarehouse.fabric.microsoft.com",
                        "workspaceId": "33535eb8-4d07-49bc-b3a5-cc91d3aa6ced"
                      },
                      "annotations": []
                    }
                  },
                  "policy": {
                    "timeout": "0.12:00:00",
                    "retry": 0,
                    "retryIntervalInSeconds": 30,
                    "secureInput": false,
                    "secureOutput": false
                  },
                  "name": "TaskAuditBatchUpdate",
                  "dependsOn": [
                    {
                      "activity": "RunTask_BronzeToSilver",
                      "dependencyConditions": [
                        "Completed"
                      ]
                    }
                  ]
                },
                {
                  "type": "SetVariable",
                  "typeProperties": {
                    "variableName": "FailExists",
                    "value": {
                      "value": "@if(contains(toLower(activity('RunTask_BronzeToSilver').output.result.exitValue), 'Failed'), 'Failed', 'Succeeded')",
                      "type": "Expression"
                    }
                  },
                  "policy": {
                    "secureInput": false,
                    "secureOutput": false
                  },
                  "name": "HasFailedTask",
                  "dependsOn": [
                    {
                      "activity": "RunTask_BronzeToSilver",
                      "dependencyConditions": [
                        "Completed"
                      ]
                    }
                  ]
                }
              ]
            },
            {
              "value": "RawToBronze",
              "activities": [
                {
                  "type": "TridentNotebook",
                  "typeProperties": {
                    "notebookId": "9bf3c1b7-a334-90a8-4318-02a4e48ade5d",
                    "workspaceId": "00000000-0000-0000-0000-000000000000",
                    "parameters": {
                      "TaskList": {
                        "value": {
                          "value": "@string(activity('TaskList').output.value)",
                          "type": "Expression"
                        },
                        "type": "string"
                      },
                      "WorkspaceId": {
                        "value": {
                          "value": "@pipeline().libraryVariables.Environment_WorkspaceID",
                          "type": "Expression"
                        },
                        "type": "string"
                      },
                      "CuratedLhId": {
                        "value": {
                          "value": "@pipeline().libraryVariables.Environment_CuratedLakehouseID",
                          "type": "Expression"
                        },
                        "type": "string"
                      },
                      "BronzeLhId": {
                        "value": {
                          "value": "@pipeline().libraryVariables.Environment_BronzeLakehouseID",
                          "type": "Expression"
                        },
                        "type": "string"
                      },
                      "TaskAudit": {
                        "value": {
                          "value": "@string(activity('GetTaskAudit_RB').output.value)",
                          "type": "Expression"
                        },
                        "type": "string"
                      },
                      "RawLhId": {
                        "value": {
                          "value": "@pipeline().libraryVariables.Environment_RawLakehouseID",
                          "type": "Expression"
                        },
                        "type": "string"
                      }
                    },
                    "sessionTag": "NotebookSession"
                  },
                  "policy": {
                    "timeout": "0.12:00:00",
                    "retry": 0,
                    "retryIntervalInSeconds": 30,
                    "secureInput": false,
                    "secureOutput": false
                  },
                  "name": "RunTask_RawToBronze",
                  "dependsOn": [
                    {
                      "activity": "GetTaskList_RB",
                      "dependencyConditions": [
                        "Succeeded"
                      ]
                    },
                    {
                      "activity": "GetTaskAudit_RB",
                      "dependencyConditions": [
                        "Succeeded"
                      ]
                    }
                  ]
                },
                {
                  "type": "Lookup",
                  "typeProperties": {
                    "source": {
                      "type": "DataWarehouseSource",
                      "sqlReaderQuery": {
                        "value": "@concat(\n    'SELECT * FROM etl.Task WHERE TaskKey IN (',\n    'SELECT TaskKey FROM etl.TaskAudit WHERE JobAuditKey IN (''',\n    string(activity('JobAuditStart').output.firstRow.JobAuditKey),\n    '''))'\n)\n",
                        "type": "Expression"
                      },
                      "partitionOption": "None",
                      "queryTimeout": "02:00:00"
                    },
                    "datasetSettings": {
                      "type": "DataWarehouseTable",
                      "schema": [],
                      "linkedService": {
                        "name": "etlControl",
                        "properties": {
                          "type": "DataWarehouse",
                          "typeProperties": {
                            "artifactId": "95db441c-1821-4183-bb87-3c23cd7a9253",
                            "endpoint": "ocjf6obnn2vujauxalhsb7ixzy-xbpfgmyhjw6etm5fzsi5hktm5u.datawarehouse.fabric.microsoft.com",
                            "workspaceId": "33535eb8-4d07-49bc-b3a5-cc91d3aa6ced"
                          },
                          "annotations": []
                        }
                      },
                      "annotations": []
                    },
                    "firstRowOnly": false
                  },
                  "policy": {
                    "timeout": "0.12:00:00",
                    "retry": 0,
                    "retryIntervalInSeconds": 30,
                    "secureInput": false,
                    "secureOutput": false
                  },
                  "name": "GetTaskList_RB",
                  "state": "Inactive",
                  "onInactiveMarkAs": "Succeeded",
                  "dependsOn": []
                },
                {
                  "type": "Lookup",
                  "typeProperties": {
                    "source": {
                      "type": "DataWarehouseSource",
                      "sqlReaderQuery": {
                        "value": "@concat('Select * from etl.TaskAudit where JobAuditKey = ',activity('JobAuditStart').output.firstRow.JobAuditKey)",
                        "type": "Expression"
                      },
                      "partitionOption": "None",
                      "queryTimeout": "02:00:00"
                    },
                    "datasetSettings": {
                      "type": "DataWarehouseTable",
                      "schema": [],
                      "linkedService": {
                        "name": "etlControl",
                        "properties": {
                          "type": "DataWarehouse",
                          "typeProperties": {
                            "artifactId": "95db441c-1821-4183-bb87-3c23cd7a9253",
                            "endpoint": "ocjf6obnn2vujauxalhsb7ixzy-xbpfgmyhjw6etm5fzsi5hktm5u.datawarehouse.fabric.microsoft.com",
                            "workspaceId": "33535eb8-4d07-49bc-b3a5-cc91d3aa6ced"
                          },
                          "annotations": []
                        }
                      },
                      "annotations": []
                    },
                    "firstRowOnly": false
                  },
                  "policy": {
                    "timeout": "0.12:00:00",
                    "retry": 0,
                    "retryIntervalInSeconds": 30,
                    "secureInput": false,
                    "secureOutput": false
                  },
                  "name": "GetTaskAudit_RB",
                  "dependsOn": []
                },
                {
                  "type": "SqlServerStoredProcedure",
                  "typeProperties": {
                    "storedProcedureName": "[etl].[TaskAuditBatchUpdate]",
                    "storedProcedureParameters": {
                      "AuditJson": {
                        "value": {
                          "value": "@string(activity('RunTask_RawToBronze').output.result.exitValue)\n",
                          "type": "Expression"
                        },
                        "type": "String"
                      },
                      "JobAuditKey": {
                        "value": {
                          "value": "@activity('JobAuditStart').output.firstRow.JobAuditKey",
                          "type": "Expression"
                        },
                        "type": "Int64"
                      }
                    }
                  },
                  "linkedService": {
                    "name": "etlControl",
                    "properties": {
                      "type": "DataWarehouse",
                      "typeProperties": {
                        "artifactId": "95db441c-1821-4183-bb87-3c23cd7a9253",
                        "endpoint": "ocjf6obnn2vujauxalhsb7ixzy-xbpfgmyhjw6etm5fzsi5hktm5u.datawarehouse.fabric.microsoft.com",
                        "workspaceId": "33535eb8-4d07-49bc-b3a5-cc91d3aa6ced"
                      },
                      "annotations": []
                    }
                  },
                  "policy": {
                    "timeout": "0.12:00:00",
                    "retry": 0,
                    "retryIntervalInSeconds": 30,
                    "secureInput": false,
                    "secureOutput": false
                  },
                  "name": "TaskAuditBatchUpdate_RB",
                  "dependsOn": [
                    {
                      "activity": "RunTask_RawToBronze",
                      "dependencyConditions": [
                        "Completed"
                      ]
                    }
                  ]
                },
                {
                  "type": "SetVariable",
                  "typeProperties": {
                    "variableName": "FailExists",
                    "value": {
                      "value": "@if(contains(toLower(activity('RunTask_RawToBronze').output.result.exitValue), 'Failed'), 'Failed', 'Succeeded')",
                      "type": "Expression"
                    }
                  },
                  "policy": {
                    "secureInput": false,
                    "secureOutput": false
                  },
                  "name": "HasFailedTask_RB",
                  "state": "Inactive",
                  "onInactiveMarkAs": "Succeeded",
                  "dependsOn": [
                    {
                      "activity": "RunTask_RawToBronze",
                      "dependencyConditions": [
                        "Completed"
                      ]
                    }
                  ]
                }
              ]
            },
            {
              "value": "SQLToRaw",
              "activities": [
                {
                  "type": "ExecutePipeline",
                  "typeProperties": {
                    "pipeline": {
                      "referenceName": "47c71f2f-3eaf-9a6a-45f7-7ddc0a255c9e",
                      "type": "PipelineReference"
                    },
                    "parameters": {
                      "TaskList": {
                        "value": "@activity('TaskList').output.value",
                        "type": "Expression"
                      },
                      "MaxRunOrder": {
                        "value": "@activity('TaskAuditStartBatch').output.firstRow.MaxTaskRunOrderNbr",
                        "type": "Expression"
                      }
                    },
                    "waitOnCompletion": true
                  },
                  "policy": {
                    "secureInput": false
                  },
                  "name": "SQLToRaw",
                  "dependsOn": []
                }
              ]
            }
          ],
          "defaultActivities": [
            {
              "type": "Fail",
              "typeProperties": {
                "message": "TaskType Not Found",
                "errorCode": "404"
              },
              "name": "FailDefault",
              "dependsOn": []
            }
          ]
        },
        "name": "TaskType",
        "dependsOn": [
          {
            "activity": "TaskAuditStartBatch",
            "dependencyConditions": [
              "Succeeded"
            ]
          },
          {
            "activity": "ClusterWarmUp",
            "dependencyConditions": [
              "Succeeded"
            ]
          },
          {
            "activity": "TaskList",
            "dependencyConditions": [
              "Succeeded"
            ]
          }
        ]
      },
      {
        "type": "TridentNotebook",
        "typeProperties": {
          "notebookId": "5e98b445-a20e-4cbd-80e0-89efd2e3d325",
          "workspaceId": "33535eb8-4d07-49bc-b3a5-cc91d3aa6ced",
          "parameters": {
            "TaskList": {
              "value": {
                "value": "@string(activity('GetTaskList').output.value)",
                "type": "Expression"
              },
              "type": "string"
            }
          },
          "sessionTag": "TaskDispatchSession"
        },
        "policy": {
          "timeout": "0.12:00:00",
          "retry": 0,
          "retryIntervalInSeconds": 30,
          "secureInput": false,
          "secureOutput": false
        },
        "name": "TaskDispatcher",
        "state": "Inactive",
        "onInactiveMarkAs": "Succeeded",
        "dependsOn": []
      },
      {
        "type": "Lookup",
        "typeProperties": {
          "source": {
            "type": "DataWarehouseSource",
            "sqlReaderStoredProcedureName": "[etl].[TaskAuditStartBatch]",
            "storedProcedureParameters": {
              "JobAuditKey": {
                "type": "Int64",
                "value": {
                  "value": "@activity('JobAuditStart').output.firstRow.JobAuditKey",
                  "type": "Expression"
                }
              }
            },
            "partitionOption": "None",
            "queryTimeout": "02:00:00"
          },
          "datasetSettings": {
            "type": "DataWarehouseTable",
            "schema": [],
            "linkedService": {
              "name": "etlControl",
              "properties": {
                "type": "DataWarehouse",
                "typeProperties": {
                  "artifactId": "95db441c-1821-4183-bb87-3c23cd7a9253",
                  "endpoint": "ocjf6obnn2vujauxalhsb7ixzy-xbpfgmyhjw6etm5fzsi5hktm5u.datawarehouse.fabric.microsoft.com",
                  "workspaceId": "33535eb8-4d07-49bc-b3a5-cc91d3aa6ced"
                },
                "annotations": []
              }
            },
            "annotations": []
          },
          "firstRowOnly": true
        },
        "policy": {
          "timeout": "0.12:00:00",
          "retry": 0,
          "retryIntervalInSeconds": 30,
          "secureInput": false,
          "secureOutput": false
        },
        "name": "TaskAuditStartBatch",
        "dependsOn": [
          {
            "activity": "IfJobNotStarted",
            "dependencyConditions": [
              "Succeeded"
            ]
          }
        ]
      },
      {
        "type": "TridentNotebook",
        "typeProperties": {
          "notebookId": "d77ef5b4-a4e5-41a5-af04-b6a2ae4f3abb",
          "workspaceId": "33535eb8-4d07-49bc-b3a5-cc91d3aa6ced",
          "sessionTag": "NotebookSession"
        },
        "policy": {
          "timeout": "0.12:00:00",
          "retry": 0,
          "retryIntervalInSeconds": 30,
          "secureInput": false,
          "secureOutput": false
        },
        "name": "ClusterWarmUp",
        "state": "Inactive",
        "onInactiveMarkAs": "Succeeded",
        "dependsOn": []
      },
      {
        "type": "IfCondition",
        "typeProperties": {
          "expression": {
            "value": "@equals(variables('FailExists'), 'Failed')",
            "type": "Expression"
          },
          "ifTrueActivities": [
            {
              "type": "Fail",
              "typeProperties": {
                "message": "A task has failed inside the job",
                "errorCode": "TaskError"
              },
              "name": "TaskFail",
              "dependsOn": []
            }
          ],
          "ifFalseActivities": []
        },
        "name": "IfATaskFailed",
        "dependsOn": [
          {
            "activity": "TaskType",
            "dependencyConditions": [
              "Completed"
            ]
          }
        ]
      },
      {
        "type": "Lookup",
        "typeProperties": {
          "source": {
            "type": "DataWarehouseSource",
            "sqlReaderQuery": {
              "value": "@concat(\n    'SELECT * FROM etl.Task WHERE TaskKey IN (',\n    'SELECT TaskKey FROM etl.TaskAudit WHERE JobAuditKey IN (''',\n    string(activity('JobAuditStart').output.firstRow.JobAuditKey),\n    ''')) ORDER BY TaskRunOrderNbr ASC'\n)\n",
              "type": "Expression"
            },
            "partitionOption": "None",
            "queryTimeout": "02:00:00"
          },
          "datasetSettings": {
            "type": "DataWarehouseTable",
            "schema": [],
            "linkedService": {
              "name": "etlControl",
              "properties": {
                "type": "DataWarehouse",
                "typeProperties": {
                  "artifactId": "95db441c-1821-4183-bb87-3c23cd7a9253",
                  "endpoint": "ocjf6obnn2vujauxalhsb7ixzy-xbpfgmyhjw6etm5fzsi5hktm5u.datawarehouse.fabric.microsoft.com",
                  "workspaceId": "33535eb8-4d07-49bc-b3a5-cc91d3aa6ced"
                },
                "annotations": []
              }
            },
            "annotations": []
          },
          "firstRowOnly": false
        },
        "policy": {
          "timeout": "0.12:00:00",
          "retry": 0,
          "retryIntervalInSeconds": 30,
          "secureInput": false,
          "secureOutput": false
        },
        "name": "TaskList",
        "dependsOn": [
          {
            "activity": "IfJobNotStarted",
            "dependencyConditions": [
              "Succeeded"
            ]
          }
        ]
      }
    ],
    "parameters": {
      "JobName": {
        "type": "string"
      },
      "CustomParam": {
        "type": "string"
      },
      "TaskKeyList": {
        "type": "string",
        "defaultValue": "-13255, -12255"
      }
    },
    "libraryVariables": {
      "Environment_WorkspaceName": {
        "type": "String",
        "variableName": "WorkspaceName",
        "libraryName": "Environment"
      },
      "Environment_WorkspaceID": {
        "type": "String",
        "variableName": "WorkspaceID",
        "libraryName": "Environment"
      },
      "Environment_BronzeLakehouseID": {
        "type": "String",
        "variableName": "BronzeLakehouseID",
        "libraryName": "Environment"
      },
      "Environment_CuratedLakehouseID": {
        "type": "String",
        "variableName": "CuratedLakehouseID",
        "libraryName": "Environment"
      },
      "Environment_RawLakehouseID": {
        "type": "String",
        "variableName": "RawLakehouseID",
        "libraryName": "Environment"
      }
    },
    "variables": {
      "EtlLoadDateTime": {
        "type": "String"
      },
      "ErrorMessage": {
        "type": "String"
      },
      "WorkspaceName": {
        "type": "String"
      },
      "Triggeredby": {
        "type": "String"
      },
      "PipelineErrorMessage": {
        "type": "String"
      },
      "FailExists": {
        "type": "String"
      }
    }
  }
}