{
  "properties": {
    "activities": [
      {
        "type": "ExecutePipeline",
        "typeProperties": {
          "pipeline": {
            "referenceName": "ad5a99c8-d9e9-becf-4a6d-a582015ba66f",
            "type": "PipelineReference"
          },
          "parameters": {
            "JobName": "IndexReturnSilver"
          },
          "waitOnCompletion": true
        },
        "policy": {
          "secureInput": false
        },
        "name": "IndexReturnSilver",
        "dependsOn": [
          {
            "activity": "Normalize Manual Benchmark Data",
            "dependencyConditions": [
              "Succeeded"
            ]
          }
        ]
      },
      {
        "type": "ExecutePipeline",
        "typeProperties": {
          "pipeline": {
            "referenceName": "ad5a99c8-d9e9-becf-4a6d-a582015ba66f",
            "type": "PipelineReference"
          },
          "parameters": {
            "JobName": "IndexReturnManualFile"
          },
          "waitOnCompletion": true
        },
        "policy": {
          "secureInput": false
        },
        "name": "Get Manual xlsx from Blob",
        "dependsOn": []
      },
      {
        "type": "ExecutePipeline",
        "typeProperties": {
          "pipeline": {
            "referenceName": "ad5a99c8-d9e9-becf-4a6d-a582015ba66f",
            "type": "PipelineReference"
          },
          "parameters": {
            "JobName": "IndexReturnManualFileNormalization"
          },
          "waitOnCompletion": true
        },
        "policy": {
          "secureInput": false
        },
        "name": "Normalize Manual Benchmark Data",
        "dependsOn": [
          {
            "activity": "Get Manual xlsx from Blob",
            "dependencyConditions": [
              "Succeeded"
            ]
          }
        ]
      },
      {
        "type": "Copy",
        "typeProperties": {
          "source": {
            "type": "BinarySource",
            "formatSettings": {
              "type": "BinaryReadSettings"
            },
            "storeSettings": {
              "type": "LakehouseReadSettings",
              "recursive": true,
              "wildcardFolderPath": "/proworkspace/IndexReturn/Manual",
              "wildcardFileName": "*.xlsx"
            },
            "datasetSettings": {
              "type": "Binary",
              "typeProperties": {
                "location": {
                  "type": "LakehouseLocation"
                }
              },
              "connectionSettings": {
                "name": "lh_raw",
                "properties": {
                  "type": "Lakehouse",
                  "typeProperties": {
                    "artifactId": "a57e9e3f-d7ba-a2a3-4013-7104920a12cc",
                    "workspaceId": "00000000-0000-0000-0000-000000000000",
                    "rootFolder": "Files"
                  },
                  "externalReferences": {
                    "connection": "6494a6f9-4d00-4a8b-8de0-b9ff1a329f66"
                  },
                  "annotations": []
                }
              },
              "annotations": []
            }
          },
          "sink": {
            "type": "BinarySink",
            "storeSettings": {
              "type": "LakehouseWriteSettings"
            },
            "datasetSettings": {
              "type": "Binary",
              "typeProperties": {
                "location": {
                  "type": "LakehouseLocation",
                  "folderPath": "/proworkspace/IndexReturn/Manual/Processed"
                }
              },
              "connectionSettings": {
                "name": "lh_raw",
                "properties": {
                  "type": "Lakehouse",
                  "typeProperties": {
                    "artifactId": "a57e9e3f-d7ba-a2a3-4013-7104920a12cc",
                    "workspaceId": "00000000-0000-0000-0000-000000000000",
                    "rootFolder": "Files"
                  },
                  "externalReferences": {
                    "connection": "6494a6f9-4d00-4a8b-8de0-b9ff1a329f66"
                  },
                  "annotations": []
                }
              },
              "annotations": []
            }
          },
          "enableStaging": false
        },
        "policy": {
          "timeout": "0.12:00:00",
          "retry": 0,
          "retryIntervalInSeconds": 30,
          "secureInput": false,
          "secureOutput": false
        },
        "name": "move data files to processed folder",
        "dependsOn": [
          {
            "activity": "IndexReturnSilver",
            "dependencyConditions": [
              "Succeeded"
            ]
          }
        ]
      },
      {
        "type": "Delete",
        "typeProperties": {
          "enableLogging": false,
          "datasetSettings": {
            "type": "Binary",
            "typeProperties": {
              "location": {
                "type": "LakehouseLocation",
                "folderPath": "proworkspace/IndexReturn/Manual"
              }
            },
            "connectionSettings": {
              "name": "lh_raw",
              "properties": {
                "type": "Lakehouse",
                "typeProperties": {
                  "artifactId": "a57e9e3f-d7ba-a2a3-4013-7104920a12cc",
                  "workspaceId": "00000000-0000-0000-0000-000000000000",
                  "rootFolder": "Files"
                },
                "externalReferences": {
                  "connection": "6494a6f9-4d00-4a8b-8de0-b9ff1a329f66"
                },
                "annotations": []
              }
            },
            "annotations": []
          },
          "storeSettings": {
            "type": "LakehouseReadSettings",
            "recursive": false,
            "enablePartitionDiscovery": false
          }
        },
        "policy": {
          "timeout": "0.12:00:00",
          "retry": 0,
          "retryIntervalInSeconds": 30,
          "secureInput": false,
          "secureOutput": false
        },
        "name": "Delete data files from original folder",
        "dependsOn": [
          {
            "activity": "move data files to processed folder",
            "dependencyConditions": [
              "Succeeded"
            ]
          }
        ]
      }
    ],
    "variables": {
      "TriggerFilenameOrig": {
        "type": "String"
      },
      "TriggerFilenamePrefix": {
        "type": "String"
      }
    }
  }
}