{
  "properties": {
    "activities": [
      {
        "type": "Lookup",
        "typeProperties": {
          "source": {
            "type": "DataWarehouseSource",
            "sqlReaderStoredProcedureName": "[etl].[GetDatabaseTaskInfo]",
            "storedProcedureParameters": {
              "TaskAuditKey": {
                "type": "Int64",
                "value": {
                  "value": "@pipeline().parameters.TaskAuditKey",
                  "type": "Expression"
                }
              }
            },
            "partitionOption": "None",
            "queryTimeout": "02:00:00"
          },
          "datasetSettings": {
            "type": "DataWarehouseTable",
            "schema": [],
            "linkedService": {
              "name": "etlControl",
              "properties": {
                "type": "DataWarehouse",
                "typeProperties": {
                  "artifactId": "95db441c-1821-4183-bb87-3c23cd7a9253",
                  "endpoint": "ocjf6obnn2vujauxalhsb7ixzy-xbpfgmyhjw6etm5fzsi5hktm5u.datawarehouse.fabric.microsoft.com",
                  "workspaceId": "33535eb8-4d07-49bc-b3a5-cc91d3aa6ced"
                },
                "annotations": []
              }
            },
            "annotations": []
          },
          "firstRowOnly": true
        },
        "policy": {
          "timeout": "0.12:00:00",
          "retry": 0,
          "retryIntervalInSeconds": 30,
          "secureInput": false,
          "secureOutput": false
        },
        "name": "GetDatabaseTaskInfo",
        "dependsOn": []
      },
      {
        "type": "Copy",
        "typeProperties": {
          "source": {
            "type": "Office365Source",
            "allowedGroups": {
              "value": "@if(\n  empty(activity('GetDatabaseTaskInfo').output.firstRow.SourceWhereClause),\n  '',\n  split(activity('GetDatabaseTaskInfo').output.firstRow.SourceWhereClause, ',')\n)\n\n",
              "type": "Expression"
            },
            "datasetSettings": {
              "type": "Office365Table",
              "typeProperties": {
                "tableName": {
                  "value": "@activity('GetDatabaseTaskInfo').output.firstRow.SourceTableName",
                  "type": "Expression"
                }
              },
              "schema": [],
              "externalReferences": {
                "connection": "6cc5454e-eddb-4919-8ca4-8356c0509198"
              },
              "annotations": []
            }
          },
          "sink": {
            "type": "LakehouseTableSink",
            "tableActionOption": "OverwriteSchema",
            "partitionOption": "None",
            "datasetSettings": {
              "type": "LakehouseTable",
              "typeProperties": {
                "schema": {
                  "value": "@activity('GetDatabaseTaskInfo').output.firstRow.SinkSchemaName",
                  "type": "Expression"
                },
                "table": {
                  "value": "@activity('GetDatabaseTaskInfo').output.firstRow.SinkTableName",
                  "type": "Expression"
                }
              },
              "schema": [],
              "linkedService": {
                "name": "lh_bronze",
                "properties": {
                  "type": "Lakehouse",
                  "typeProperties": {
                    "artifactId": "572c6558-2a70-8c5f-466d-5da213ef97da",
                    "workspaceId": "00000000-0000-0000-0000-000000000000",
                    "rootFolder": "Tables"
                  },
                  "annotations": []
                }
              },
              "annotations": []
            }
          },
          "translator": {
            "value": "@if(\n  empty(activity('GetDatabaseTaskInfo').output.firstRow.CustomPipelineCode),\n  '',\n  json(activity('GetDatabaseTaskInfo').output.firstRow.CustomPipelineCode)\n)\n\n\n\n\n",
            "type": "Expression"
          },
          "enableStaging": true
        },
        "policy": {
          "timeout": "0.12:00:00",
          "retry": 0,
          "retryIntervalInSeconds": 30,
          "secureInput": false,
          "secureOutput": false
        },
        "name": "Entra",
        "dependsOn": [
          {
            "activity": "GetDatabaseTaskInfo",
            "dependencyConditions": [
              "Succeeded"
            ]
          }
        ]
      }
    ],
    "parameters": {
      "TaskAuditKey": {
        "type": "int"
      },
      "TaskQuery": {
        "type": "string"
      },
      "ETLLoadDateTime": {
        "type": "string"
      },
      "TaskKey": {
        "type": "string"
      }
    },
    "libraryVariables": {
      "CrimsonX": {
        "type": "String",
        "variableName": "CrimsonX",
        "libraryName": "Environment"
      },
      "HMCDataWarehouse": {
        "type": "String",
        "variableName": "HMCDataWarehouse",
        "libraryName": "Environment"
      },
      "HMCDataMartInvestment": {
        "type": "String",
        "variableName": "HMCDataMartInvestment",
        "libraryName": "Environment"
      }
    },
    "variables": {
      "DBConnectionString": {
        "type": "String"
      }
    }
  }
}