{
  "properties": {
    "activities": [
      {
        "type": "ForEach",
        "typeProperties": {
          "items": {
            "value": "@pipeline().parameters.TaskList",
            "type": "Expression"
          },
          "activities": [
            {
              "type": "Copy",
              "typeProperties": {
                "source": {
                  "type": "SqlMISource",
                  "partitionOption": "None",
                  "datasetSettings": {
                    "type": "AzureSqlMITable",
                    "typeProperties": {
                      "schema": "dbo",
                      "table": "Entity"
                    },
                    "schema": [],
                    "externalReferences": {
                      "connection": "355469f3-c2c9-46ff-b971-134188715489"
                    },
                    "annotations": []
                  }
                },
                "enableStaging": false
              },
              "policy": {
                "timeout": "0.12:00:00",
                "retry": 0,
                "retryIntervalInSeconds": 30,
                "secureInput": false,
                "secureOutput": false
              },
              "name": "SourceToRaw",
              "state": "Inactive",
              "onInactiveMarkAs": "Succeeded",
              "dependsOn": []
            },
            {
              "type": "Copy",
              "typeProperties": {
                "source": {
                  "type": "SqlMISource",
                  "sqlReaderQuery": {
                    "value": "@if(\n  empty(item().CustomSQLSourceQuery),\n  concat(\n    'SELECT * FROM [',\n    item().SourceSchemaName,\n    '].[', \n    item().SourceTableName,\n    ']',\n    if(\n      or(\n        empty(item().SourceWhereClause),\n        equals(trim(item().SourceWhereClause), '')\n      ),\n      '',\n      concat(' WHERE ', item().SourceWhereClause)\n    )\n  ),\n  item().CustomSQLSourceQuery\n)\n",
                    "type": "Expression"
                  },
                  "partitionOption": "None",
                  "datasetSettings": {
                    "type": "AzureSqlMITable",
                    "typeProperties": {
                      "schema": {
                        "value": "@item().SourceSchemaName",
                        "type": "Expression"
                      }
                    },
                    "schema": [],
                    "externalReferences": {
                      "connection": "355469f3-c2c9-46ff-b971-134188715489"
                    },
                    "annotations": []
                  }
                },
                "sink": {
                  "type": "LakehouseTableSink",
                  "tableActionOption": "OverwriteSchema",
                  "applyVOrder": true,
                  "partitionOption": "None",
                  "datasetSettings": {
                    "type": "LakehouseTable",
                    "typeProperties": {
                      "table": {
                        "value": "@item().SinkTableName",
                        "type": "Expression"
                      }
                    },
                    "schema": [],
                    "linkedService": {
                      "name": "lh_raw",
                      "properties": {
                        "type": "Lakehouse",
                        "typeProperties": {
                          "artifactId": "a57e9e3f-d7ba-a2a3-4013-7104920a12cc",
                          "workspaceId": "00000000-0000-0000-0000-000000000000",
                          "rootFolder": "Tables"
                        },
                        "annotations": []
                      }
                    },
                    "annotations": []
                  }
                },
                "translator": {
                  "type": "TabularTranslator",
                  "typeConversion": true,
                  "typeConversionSettings": {
                    "allowDataTruncation": true,
                    "treatBooleanAsNumber": false
                  }
                },
                "enableStaging": false
              },
              "policy": {
                "timeout": "0.12:00:00",
                "retry": 0,
                "retryIntervalInSeconds": 30,
                "secureInput": false,
                "secureOutput": false
              },
              "name": "SQL Server",
              "dependsOn": []
            }
          ]
        },
        "name": "ForEachTask",
        "dependsOn": []
      }
    ],
    "parameters": {
      "TaskList": {
        "type": "array"
      }
    }
  }
}