{
  "config": "{\"version\":\"5.66\",\"themeCollection\":{\"baseTheme\":{\"name\":\"CY24SU10\",\"type\":2,\"version\":{\"visual\":\"1.8.95\",\"report\":\"2.0.95\",\"page\":\"1.3.95\"}}},\"activeSectionIndex\":1,\"defaultDrillFilterOtherVisuals\":true,\"linguisticSchemaSyncVersion\":0,\"settings\":{\"useNewFilterPaneExperience\":true,\"allowChangeFilterTypes\":true,\"useStylableVisualContainerHeader\":true,\"queryLimitOption\":6,\"useEnhancedTooltips\":true,\"exportDataMode\":1,\"useDefaultAggregateDisplayName\":true},\"objects\":{\"section\":[{\"properties\":{\"verticalAlignment\":{\"expr\":{\"Literal\":{\"Value\":\"'Top'\"}}}}}],\"outspacePane\":[{\"properties\":{\"expanded\":{\"expr\":{\"Literal\":{\"Value\":\"true\"}}}}}]}}",
  "layoutOptimization": 0,
  "pods": [
    {
      "boundSection": "a3d0322b08684cb3b0c3",
      "config": "{\"acceptsFilterContext\":1}",
      "name": "097414120c0180d04740"
    },
    {
      "boundSection": "3da76e52d75336cc068a",
      "config": "{\"acceptsFilterContext\":1}",
      "name": "4e520efacf1402f7f94b"
    }
  ],
  "resourcePackages": [
    {
      "resourcePackage": {
        "disabled": false,
        "items": [
          {
            "name": "CY24SU10",
            "path": "BaseThemes/CY24SU10.json",
            "type": 202
          }
        ],
        "name": "SharedResources",
        "type": 2
      }
    }
  ],
  "sections": [
    {
      "config": "{}",
      "displayName": "Generic metrics",
      "displayOption": 1,
      "filters": "[]",
      "height": 720.00,
      "name": "3da76e52d75336cc068a",
      "visualContainers": [
        {
          "config": "{\"name\":\"0c834ca54272cd20c3fb\",\"layouts\":[{\"id\":0,\"position\":{\"x\":18.69039470682181,\"y\":119.93003270210662,\"z\":4000,\"width\":157.31082211575023,\"height\":104.35470377975511,\"tabOrder\":7000}}],\"singleVisual\":{\"visualType\":\"card\",\"projections\":{\"Values\":[{\"queryRef\":\"Sum(AivyEvals.metric_value)\"}]},\"prototypeQuery\":{\"Version\":2,\"From\":[{\"Name\":\"a1\",\"Entity\":\"AivyEvals\",\"Type\":0}],\"Select\":[{\"Aggregation\":{\"Expression\":{\"Column\":{\"Expression\":{\"SourceRef\":{\"Source\":\"a1\"}},\"Property\":\"metric_value\"}},\"Function\":1},\"Name\":\"Sum(AivyEvals.metric_value)\",\"NativeReferenceName\":\"Average of metric_value\"}],\"OrderBy\":[{\"Direction\":2,\"Expression\":{\"Aggregation\":{\"Expression\":{\"Column\":{\"Expression\":{\"SourceRef\":{\"Source\":\"a1\"}},\"Property\":\"metric_value\"}},\"Function\":1}}}]},\"columnProperties\":{\"aivyeval.Metric Avg\":{\"formatString\":null},\"Sum(AivyEvals.metric_value)\":{\"displayName\":\"Dev1 avg\"}},\"drillFilterOtherVisuals\":true,\"hasDefaultSort\":true}}",
          "filters": "[{\"name\":\"6f6d4acaeca4b65cdb44\",\"expression\":{\"Column\":{\"Expression\":{\"SourceRef\":{\"Entity\":\"AivyEvals\"}},\"Property\":\"source_env\"}},\"filter\":{\"Version\":2,\"From\":[{\"Name\":\"a\",\"Entity\":\"AivyEvals\",\"Type\":0}],\"Where\":[{\"Condition\":{\"In\":{\"Expressions\":[{\"Column\":{\"Expression\":{\"SourceRef\":{\"Source\":\"a\"}},\"Property\":\"source_env\"}}],\"Values\":[[{\"Literal\":{\"Value\":\"'dev1'\"}}]]}}}]},\"type\":\"Categorical\",\"howCreated\":1,\"objects\":{}}]",
          "height": 104.35,
          "width": 157.31,
          "x": 18.69,
          "y": 119.93,
          "z": 4000.00
        },
        {
          "config": "{\"name\":\"1aa6d7b0f5fce369a112\",\"layouts\":[{\"id\":0,\"position\":{\"x\":253.8778614343296,\"y\":478.1625979161913,\"z\":3000,\"width\":1010.8388470606129,\"height\":236.74499961974294,\"tabOrder\":2000}}],\"singleVisual\":{\"visualType\":\"tableEx\",\"projections\":{\"Values\":[{\"queryRef\":\"AivyEvals.source_env\"},{\"queryRef\":\"AivyEvals.eval_timestamp\"},{\"queryRef\":\"AivyEvals.metadata_json\"}]},\"prototypeQuery\":{\"Version\":2,\"From\":[{\"Name\":\"a\",\"Entity\":\"AivyEvals\",\"Type\":0}],\"Select\":[{\"Column\":{\"Expression\":{\"SourceRef\":{\"Source\":\"a\"}},\"Property\":\"source_env\"},\"Name\":\"AivyEvals.source_env\",\"NativeReferenceName\":\"source_env\"},{\"Column\":{\"Expression\":{\"SourceRef\":{\"Source\":\"a\"}},\"Property\":\"eval_timestamp\"},\"Name\":\"AivyEvals.eval_timestamp\",\"NativeReferenceName\":\"eval_timestamp\"},{\"Column\":{\"Expression\":{\"SourceRef\":{\"Source\":\"a\"}},\"Property\":\"metadata_json\"},\"Name\":\"AivyEvals.metadata_json\",\"NativeReferenceName\":\"metadata_json\"}]},\"drillFilterOtherVisuals\":true,\"objects\":{},\"vcObjects\":{\"visualTooltip\":[{\"properties\":{\"show\":{\"expr\":{\"Literal\":{\"Value\":\"false\"}}}}}],\"title\":[{\"properties\":{\"show\":{\"expr\":{\"Literal\":{\"Value\":\"false\"}}}}}]}}}",
          "filters": "[{\"name\":\"ea06abe2a164722d0011\",\"expression\":{\"Measure\":{\"Expression\":{\"SourceRef\":{\"Entity\":\"AivyEvals\"}},\"Property\":\"Failure Rows\"}},\"filter\":{\"Version\":2,\"From\":[{\"Name\":\"a\",\"Entity\":\"AivyEvals\",\"Type\":0}],\"Where\":[{\"Condition\":{\"Comparison\":{\"ComparisonKind\":1,\"Left\":{\"Measure\":{\"Expression\":{\"SourceRef\":{\"Source\":\"a\"}},\"Property\":\"Failure Rows\"}},\"Right\":{\"Literal\":{\"Value\":\"1L\"}}}}}]},\"type\":\"Advanced\",\"howCreated\":1}]",
          "height": 236.74,
          "width": 1010.84,
          "x": 253.88,
          "y": 478.16,
          "z": 3000.00
        },
        {
          "config": "{\"name\":\"2fdce45b4ae240d826d2\",\"layouts\":[{\"id\":0,\"position\":{\"x\":21.805460491292113,\"y\":478.1625979161913,\"z\":2000,\"width\":175.98875655943417,\"height\":121.47572834436079,\"tabOrder\":6000}}],\"singleVisual\":{\"visualType\":\"card\",\"projections\":{\"Values\":[{\"queryRef\":\"AivyEvals.Success Rate %\"}]},\"prototypeQuery\":{\"Version\":2,\"From\":[{\"Name\":\"a1\",\"Entity\":\"AivyEvals\",\"Type\":0}],\"Select\":[{\"Measure\":{\"Expression\":{\"SourceRef\":{\"Source\":\"a1\"}},\"Property\":\"Success Rate %\"},\"Name\":\"AivyEvals.Success Rate %\",\"NativeReferenceName\":\"Dev1 Success Rate %\"}],\"OrderBy\":[{\"Direction\":2,\"Expression\":{\"Measure\":{\"Expression\":{\"SourceRef\":{\"Source\":\"a1\"}},\"Property\":\"Success Rate %\"}}}]},\"columnProperties\":{\"aivyeval.Success Rate %\":{\"formatString\":null},\"AivyEvals.Success Rate %\":{\"displayName\":\"Dev1 Success Rate %\"}},\"drillFilterOtherVisuals\":true,\"hasDefaultSort\":true,\"objects\":{}}}",
          "filters": "[{\"name\":\"cb2ed80f90d2e5007a07\",\"expression\":{\"Column\":{\"Expression\":{\"SourceRef\":{\"Entity\":\"AivyEvals\"}},\"Property\":\"source_env\"}},\"filter\":{\"Version\":2,\"From\":[{\"Name\":\"a\",\"Entity\":\"AivyEvals\",\"Type\":0}],\"Where\":[{\"Condition\":{\"In\":{\"Expressions\":[{\"Column\":{\"Expression\":{\"SourceRef\":{\"Source\":\"a\"}},\"Property\":\"source_env\"}}],\"Values\":[[{\"Literal\":{\"Value\":\"'dev1'\"}}]]}}}]},\"type\":\"Categorical\",\"howCreated\":1,\"objects\":{}}]",
          "height": 121.48,
          "width": 175.99,
          "x": 21.81,
          "y": 478.16,
          "z": 2000.00
        },
        {
          "config": "{\"name\":\"736a26180900c752701e\",\"layouts\":[{\"id\":0,\"position\":{\"x\":56.77468693241564,\"y\":19.577478252557118,\"z\":1000,\"width\":567.7468693241565,\"height\":62.64793040818278,\"tabOrder\":1000}}],\"singleVisual\":{\"visualType\":\"slicer\",\"projections\":{\"Values\":[{\"queryRef\":\"AivyEvals.metric_name\",\"active\":true}]},\"prototypeQuery\":{\"Version\":2,\"From\":[{\"Name\":\"a1\",\"Entity\":\"AivyEvals\",\"Type\":0}],\"Select\":[{\"Column\":{\"Expression\":{\"SourceRef\":{\"Source\":\"a1\"}},\"Property\":\"metric_name\"},\"Name\":\"AivyEvals.metric_name\",\"NativeReferenceName\":\"Select evaluation metric\"}]},\"columnProperties\":{\"AivyEvals.metric_name\":{\"displayName\":\"Select evaluation metric\"}},\"drillFilterOtherVisuals\":true,\"objects\":{\"data\":[{\"properties\":{\"mode\":{\"expr\":{\"Literal\":{\"Value\":\"'Dropdown'\"}}}}}],\"general\":[{\"properties\":{\"orientation\":{\"expr\":{\"Literal\":{\"Value\":\"1D\"}}},\"filter\":{\"filter\":{\"Version\":2,\"From\":[{\"Name\":\"a\",\"Entity\":\"AivyEvals\",\"Type\":0}],\"Where\":[{\"Condition\":{\"In\":{\"Expressions\":[{\"Column\":{\"Expression\":{\"SourceRef\":{\"Source\":\"a\"}},\"Property\":\"metric_name\"}}],\"Values\":[[{\"Literal\":{\"Value\":\"'Document retrieval runtime'\"}}]]}}}]}}}}],\"selection\":[{\"properties\":{\"singleSelect\":{\"expr\":{\"Literal\":{\"Value\":\"false\"}}},\"strictSingleSelect\":{\"expr\":{\"Literal\":{\"Value\":\"true\"}}}}}],\"header\":[{\"properties\":{\"show\":{\"expr\":{\"Literal\":{\"Value\":\"true\"}}}}}]}}}",
          "filters": "[{\"name\":\"320e9f5ea17a0b887e8c\",\"expression\":{\"Column\":{\"Expression\":{\"SourceRef\":{\"Entity\":\"AivyEvals\"}},\"Property\":\"metric_name\"}},\"filter\":{\"Version\":2,\"From\":[{\"Name\":\"a\",\"Entity\":\"AivyEvals\",\"Type\":0}],\"Where\":[{\"Condition\":{\"In\":{\"Expressions\":[{\"Column\":{\"Expression\":{\"SourceRef\":{\"Source\":\"a\"}},\"Property\":\"metric_name\"}}],\"Values\":[[{\"Literal\":{\"Value\":\"'Runtime'\"}}],[{\"Literal\":{\"Value\":\"'Document retrieval runtime'\"}}]]}}}]},\"type\":\"Categorical\",\"howCreated\":0,\"objects\":{},\"isHiddenInViewMode\":false}]",
          "height": 62.65,
          "width": 567.75,
          "x": 56.77,
          "y": 19.58,
          "z": 1000.00
        },
        {
          "config": "{\"name\":\"852a9b36d6c4f9a8f334\",\"layouts\":[{\"id\":0,\"position\":{\"x\":0,\"y\":0,\"width\":100,\"height\":40,\"z\":5000,\"tabOrder\":3000}}],\"singleVisual\":{\"visualType\":\"actionButton\",\"drillFilterOtherVisuals\":true,\"objects\":{\"icon\":[{\"properties\":{\"shapeType\":{\"expr\":{\"Literal\":{\"Value\":\"'back'\"}}}},\"selector\":{\"id\":\"default\"}}]},\"vcObjects\":{\"visualLink\":[{\"properties\":{\"show\":{\"expr\":{\"Literal\":{\"Value\":\"true\"}}},\"type\":{\"expr\":{\"Literal\":{\"Value\":\"'Back'\"}}}}}]}},\"howCreated\":\"InsertVisualButton\"}",
          "filters": "[]",
          "height": 40.00,
          "width": 100.00,
          "x": 0.00,
          "y": 0.00,
          "z": 5000.00
        },
        {
          "config": "{\"name\":\"8d3aff5769491165c282\",\"layouts\":[{\"id\":0,\"position\":{\"x\":21.386138613861387,\"y\":239.7029702970297,\"z\":8000,\"width\":157.72277227722773,\"height\":104.25742574257426,\"tabOrder\":8000}}],\"singleVisual\":{\"visualType\":\"card\",\"projections\":{\"Values\":[{\"queryRef\":\"Sum(AivyEvals.metric_value)\"}]},\"prototypeQuery\":{\"Version\":2,\"From\":[{\"Name\":\"a1\",\"Entity\":\"AivyEvals\",\"Type\":0}],\"Select\":[{\"Aggregation\":{\"Expression\":{\"Column\":{\"Expression\":{\"SourceRef\":{\"Source\":\"a1\"}},\"Property\":\"metric_value\"}},\"Function\":1},\"Name\":\"Sum(AivyEvals.metric_value)\",\"NativeReferenceName\":\"Prod1 avg\"}],\"OrderBy\":[{\"Direction\":2,\"Expression\":{\"Aggregation\":{\"Expression\":{\"Column\":{\"Expression\":{\"SourceRef\":{\"Source\":\"a1\"}},\"Property\":\"metric_value\"}},\"Function\":1}}}]},\"columnProperties\":{\"aivyeval.Metric Avg\":{\"formatString\":null},\"Sum(AivyEvals.metric_value)\":{\"displayName\":\"Prod1 avg\"}},\"drillFilterOtherVisuals\":true,\"hasDefaultSort\":true}}",
          "filters": "[{\"name\":\"6f6d4acaeca4b65cdb44\",\"expression\":{\"Column\":{\"Expression\":{\"SourceRef\":{\"Entity\":\"AivyEvals\"}},\"Property\":\"source_env\"}},\"filter\":{\"Version\":2,\"From\":[{\"Name\":\"a\",\"Entity\":\"AivyEvals\",\"Type\":0}],\"Where\":[{\"Condition\":{\"In\":{\"Expressions\":[{\"Column\":{\"Expression\":{\"SourceRef\":{\"Source\":\"a\"}},\"Property\":\"source_env\"}}],\"Values\":[[{\"Literal\":{\"Value\":\"'prod1'\"}}]]}}}]},\"type\":\"Categorical\",\"howCreated\":1,\"objects\":{}}]",
          "height": 104.26,
          "width": 157.72,
          "x": 21.39,
          "y": 239.70,
          "z": 8000.00
        },
        {
          "config": "{\"name\":\"8f95052fa9f4819dbc4d\",\"layouts\":[{\"id\":0,\"position\":{\"x\":56.07118412046543,\"y\":436.10920982584224,\"z\":6000,\"width\":1174.3798007453038,\"height\":42.053388090349074,\"tabOrder\":4000}}],\"singleVisual\":{\"visualType\":\"textbox\",\"drillFilterOtherVisuals\":true,\"objects\":{\"general\":[{\"properties\":{\"paragraphs\":[{\"textRuns\":[{\"value\":\"Failed runs\",\"textStyle\":{\"fontWeight\":\"bold\",\"fontSize\":\"16pt\"}}],\"horizontalTextAlignment\":\"center\"}]}}]}}}",
          "filters": "[]",
          "height": 42.05,
          "width": 1174.38,
          "x": 56.07,
          "y": 436.11,
          "z": 6000.00
        },
        {
          "config": "{\"name\":\"96aac5737b8084c1db97\",\"layouts\":[{\"id\":0,\"position\":{\"x\":182.23134839151265,\"y\":93.45197353410906,\"z\":0,\"width\":1087.1579587801352,\"height\":319.29424290820594,\"tabOrder\":0}}],\"singleVisual\":{\"visualType\":\"lineChart\",\"projections\":{\"Category\":[{\"queryRef\":\"AivyEvals.minute_bucket\",\"active\":true}],\"Y\":[{\"queryRef\":\"Sum(AivyEvals.metric_value)\"}],\"Series\":[{\"queryRef\":\"AivyEvals.source_env\"}]},\"prototypeQuery\":{\"Version\":2,\"From\":[{\"Name\":\"a1\",\"Entity\":\"AivyEvals\",\"Type\":0}],\"Select\":[{\"Column\":{\"Expression\":{\"SourceRef\":{\"Source\":\"a1\"}},\"Property\":\"minute_bucket\"},\"Name\":\"AivyEvals.minute_bucket\",\"NativeReferenceName\":\"minute_bucket1\"},{\"Aggregation\":{\"Expression\":{\"Column\":{\"Expression\":{\"SourceRef\":{\"Source\":\"a1\"}},\"Property\":\"metric_value\"}},\"Function\":0},\"Name\":\"Sum(AivyEvals.metric_value)\",\"NativeReferenceName\":\"Sum of metric_value\"},{\"Column\":{\"Expression\":{\"SourceRef\":{\"Source\":\"a1\"}},\"Property\":\"source_env\"},\"Name\":\"AivyEvals.source_env\",\"NativeReferenceName\":\"source_env\"}],\"OrderBy\":[{\"Direction\":1,\"Expression\":{\"Column\":{\"Expression\":{\"SourceRef\":{\"Source\":\"a1\"}},\"Property\":\"minute_bucket\"}}}]},\"drillFilterOtherVisuals\":true,\"hasDefaultSort\":true,\"objects\":{\"legend\":[{\"properties\":{\"show\":{\"expr\":{\"Literal\":{\"Value\":\"true\"}}}}}],\"valueAxis\":[{\"properties\":{\"show\":{\"expr\":{\"Literal\":{\"Value\":\"true\"}}},\"showAxisTitle\":{\"expr\":{\"Literal\":{\"Value\":\"false\"}}}}}],\"categoryAxis\":[{\"properties\":{\"showAxisTitle\":{\"expr\":{\"Literal\":{\"Value\":\"false\"}}}}}],\"lineStyles\":[{\"properties\":{\"lineStyle\":{\"expr\":{\"Literal\":{\"Value\":\"'solid'\"}}},\"lineChartType\":{\"expr\":{\"Literal\":{\"Value\":\"'smooth'\"}}},\"strokeWidth\":{\"expr\":{\"Literal\":{\"Value\":\"1D\"}}},\"showMarker\":{\"expr\":{\"Literal\":{\"Value\":\"true\"}}}}}],\"labels\":[{\"properties\":{\"show\":{\"expr\":{\"Literal\":{\"Value\":\"false\"}}}}}]},\"vcObjects\":{\"title\":[{\"properties\":{\"show\":{\"expr\":{\"Literal\":{\"Value\":\"false\"}}}}}]}}}",
          "filters": "[]",
          "height": 319.29,
          "width": 1087.16,
          "x": 182.23,
          "y": 93.45,
          "z": 0.00
        },
        {
          "config": "{\"name\":\"e31c05b07350ecb59b8a\",\"layouts\":[{\"id\":0,\"position\":{\"x\":21.386138613861387,\"y\":598.8118811881188,\"z\":9000,\"width\":175.54455445544554,\"height\":121.18811881188118,\"tabOrder\":9000}}],\"singleVisual\":{\"visualType\":\"card\",\"projections\":{\"Values\":[{\"queryRef\":\"AivyEvals.Success Rate %\"}]},\"prototypeQuery\":{\"Version\":2,\"From\":[{\"Name\":\"a1\",\"Entity\":\"AivyEvals\",\"Type\":0}],\"Select\":[{\"Measure\":{\"Expression\":{\"SourceRef\":{\"Source\":\"a1\"}},\"Property\":\"Success Rate %\"},\"Name\":\"AivyEvals.Success Rate %\",\"NativeReferenceName\":\"Prod1 Success Rate %\"}],\"OrderBy\":[{\"Direction\":2,\"Expression\":{\"Measure\":{\"Expression\":{\"SourceRef\":{\"Source\":\"a1\"}},\"Property\":\"Success Rate %\"}}}]},\"columnProperties\":{\"aivyeval.Success Rate %\":{\"formatString\":null},\"AivyEvals.Success Rate %\":{\"displayName\":\"Prod1 Success Rate %\"}},\"drillFilterOtherVisuals\":true,\"hasDefaultSort\":true,\"objects\":{}}}",
          "filters": "[{\"name\":\"cb2ed80f90d2e5007a07\",\"expression\":{\"Column\":{\"Expression\":{\"SourceRef\":{\"Entity\":\"AivyEvals\"}},\"Property\":\"source_env\"}},\"filter\":{\"Version\":2,\"From\":[{\"Name\":\"a\",\"Entity\":\"AivyEvals\",\"Type\":0}],\"Where\":[{\"Condition\":{\"In\":{\"Expressions\":[{\"Column\":{\"Expression\":{\"SourceRef\":{\"Source\":\"a\"}},\"Property\":\"source_env\"}}],\"Values\":[[{\"Literal\":{\"Value\":\"'prod1'\"}}]]}}}]},\"type\":\"Categorical\",\"howCreated\":1,\"objects\":{}}]",
          "height": 121.19,
          "width": 175.54,
          "x": 21.39,
          "y": 598.81,
          "z": 9000.00
        },
        {
          "config": "{\"name\":\"e73dc503d7471d9a8f4a\",\"layouts\":[{\"id\":0,\"position\":{\"x\":624.5706897862955,\"y\":7.787664461175754,\"z\":7000,\"width\":499.95871321013004,\"height\":102.7882929500342,\"tabOrder\":5000}}],\"singleVisual\":{\"visualType\":\"slicer\",\"projections\":{\"Values\":[{\"queryRef\":\"AivyEvals.eval_timestamp\",\"active\":true}]},\"prototypeQuery\":{\"Version\":2,\"From\":[{\"Name\":\"a1\",\"Entity\":\"AivyEvals\",\"Type\":0}],\"Select\":[{\"Column\":{\"Expression\":{\"SourceRef\":{\"Source\":\"a1\"}},\"Property\":\"eval_timestamp\"},\"Name\":\"AivyEvals.eval_timestamp\",\"NativeReferenceName\":\"eval_timestamp1\"}],\"OrderBy\":[{\"Direction\":1,\"Expression\":{\"Column\":{\"Expression\":{\"SourceRef\":{\"Source\":\"a1\"}},\"Property\":\"eval_timestamp\"}}}]},\"drillFilterOtherVisuals\":true,\"hasDefaultSort\":true,\"objects\":{\"data\":[{\"properties\":{\"mode\":{\"expr\":{\"Literal\":{\"Value\":\"'Relative'\"}}},\"relativeRange\":{\"expr\":{\"Literal\":{\"Value\":\"'Last'\"}}},\"relativeDuration\":{\"expr\":{\"Literal\":{\"Value\":\"1D\"}}},\"relativePeriod\":{\"expr\":{\"Literal\":{\"Value\":\"'Weeks'\"}}}}}],\"header\":[{\"properties\":{\"show\":{\"expr\":{\"Literal\":{\"Value\":\"false\"}}}}}],\"general\":[{\"properties\":{\"filter\":{\"filter\":{\"Version\":2,\"From\":[{\"Name\":\"a1\",\"Entity\":\"AivyEvals\",\"Type\":0}],\"Where\":[{\"Condition\":{\"Between\":{\"Expression\":{\"Column\":{\"Expression\":{\"SourceRef\":{\"Source\":\"a1\"}},\"Property\":\"eval_timestamp\"}},\"LowerBound\":{\"DateSpan\":{\"Expression\":{\"DateAdd\":{\"Expression\":{\"DateAdd\":{\"Expression\":{\"Now\":{}},\"Amount\":1,\"TimeUnit\":0}},\"Amount\":-1,\"TimeUnit\":1}},\"TimeUnit\":0}},\"UpperBound\":{\"DateSpan\":{\"Expression\":{\"Now\":{}},\"TimeUnit\":0}}}}}]}}}}],\"dateRange\":[{\"properties\":{\"includeToday\":{\"expr\":{\"Literal\":{\"Value\":\"true\"}}}}}]}}}",
          "filters": "[]",
          "height": 102.79,
          "width": 499.96,
          "x": 624.57,
          "y": 7.79,
          "z": 7000.00
        }
      ],
      "width": 1280.00
    },
    {
      "config": "{}",
      "displayName": "Thrive metrics",
      "displayOption": 1,
      "filters": "[]",
      "height": 720.00,
      "name": "a3d0322b08684cb3b0c3",
      "ordinal": 1,
      "visualContainers": [
        {
          "config": "{\"name\":\"1aa902726203525b857d\",\"layouts\":[{\"id\":0,\"position\":{\"x\":624.5706897862955,\"y\":7.787664461175754,\"z\":7000,\"width\":499.95871321013004,\"height\":102.7882929500342,\"tabOrder\":5000}}],\"singleVisual\":{\"visualType\":\"slicer\",\"projections\":{\"Values\":[{\"queryRef\":\"AivyEvals.eval_timestamp\",\"active\":true}]},\"prototypeQuery\":{\"Version\":2,\"From\":[{\"Name\":\"a1\",\"Entity\":\"AivyEvals\",\"Type\":0}],\"Select\":[{\"Column\":{\"Expression\":{\"SourceRef\":{\"Source\":\"a1\"}},\"Property\":\"eval_timestamp\"},\"Name\":\"AivyEvals.eval_timestamp\",\"NativeReferenceName\":\"eval_timestamp1\"}],\"OrderBy\":[{\"Direction\":1,\"Expression\":{\"Column\":{\"Expression\":{\"SourceRef\":{\"Source\":\"a1\"}},\"Property\":\"eval_timestamp\"}}}]},\"drillFilterOtherVisuals\":true,\"hasDefaultSort\":true,\"objects\":{\"data\":[{\"properties\":{\"mode\":{\"expr\":{\"Literal\":{\"Value\":\"'Relative'\"}}},\"relativeRange\":{\"expr\":{\"Literal\":{\"Value\":\"'Last'\"}}},\"relativeDuration\":{\"expr\":{\"Literal\":{\"Value\":\"1D\"}}},\"relativePeriod\":{\"expr\":{\"Literal\":{\"Value\":\"'Weeks'\"}}}}}],\"header\":[{\"properties\":{\"show\":{\"expr\":{\"Literal\":{\"Value\":\"false\"}}}}}],\"general\":[{\"properties\":{\"filter\":{\"filter\":{\"Version\":2,\"From\":[{\"Name\":\"a1\",\"Entity\":\"AivyEvals\",\"Type\":0}],\"Where\":[{\"Condition\":{\"Between\":{\"Expression\":{\"Column\":{\"Expression\":{\"SourceRef\":{\"Source\":\"a1\"}},\"Property\":\"eval_timestamp\"}},\"LowerBound\":{\"DateSpan\":{\"Expression\":{\"DateAdd\":{\"Expression\":{\"DateAdd\":{\"Expression\":{\"Now\":{}},\"Amount\":1,\"TimeUnit\":0}},\"Amount\":-1,\"TimeUnit\":1}},\"TimeUnit\":0}},\"UpperBound\":{\"DateSpan\":{\"Expression\":{\"Now\":{}},\"TimeUnit\":0}}}}}]}}}}],\"dateRange\":[{\"properties\":{\"includeToday\":{\"expr\":{\"Literal\":{\"Value\":\"true\"}}}}}]}}}",
          "filters": "[]",
          "height": 102.79,
          "width": 499.96,
          "x": 624.57,
          "y": 7.79,
          "z": 7000.00
        },
        {
          "config": "{\"name\":\"1eea73b5803577be19ea\",\"layouts\":[{\"id\":0,\"position\":{\"x\":18.69039470682181,\"y\":119.93003270210662,\"z\":4000,\"width\":157.31082211575023,\"height\":104.35470377975511,\"tabOrder\":7000}}],\"singleVisual\":{\"visualType\":\"card\",\"projections\":{\"Values\":[{\"queryRef\":\"Sum(AivyEvals.metric_value)\"}]},\"prototypeQuery\":{\"Version\":2,\"From\":[{\"Name\":\"a1\",\"Entity\":\"AivyEvals\",\"Type\":0}],\"Select\":[{\"Aggregation\":{\"Expression\":{\"Column\":{\"Expression\":{\"SourceRef\":{\"Source\":\"a1\"}},\"Property\":\"metric_value\"}},\"Function\":1},\"Name\":\"Sum(AivyEvals.metric_value)\",\"NativeReferenceName\":\"Average of metric_value\"}],\"OrderBy\":[{\"Direction\":2,\"Expression\":{\"Aggregation\":{\"Expression\":{\"Column\":{\"Expression\":{\"SourceRef\":{\"Source\":\"a1\"}},\"Property\":\"metric_value\"}},\"Function\":1}}}]},\"columnProperties\":{\"aivyeval.Metric Avg\":{\"formatString\":null},\"Sum(AivyEvals.metric_value)\":{\"displayName\":\"Dev1 avg\"}},\"drillFilterOtherVisuals\":true,\"hasDefaultSort\":true}}",
          "filters": "[{\"name\":\"6f6d4acaeca4b65cdb44\",\"expression\":{\"Column\":{\"Expression\":{\"SourceRef\":{\"Entity\":\"AivyEvals\"}},\"Property\":\"source_env\"}},\"filter\":{\"Version\":2,\"From\":[{\"Name\":\"a\",\"Entity\":\"AivyEvals\",\"Type\":0}],\"Where\":[{\"Condition\":{\"In\":{\"Expressions\":[{\"Column\":{\"Expression\":{\"SourceRef\":{\"Source\":\"a\"}},\"Property\":\"source_env\"}}],\"Values\":[[{\"Literal\":{\"Value\":\"'dev1'\"}}]]}}}]},\"type\":\"Categorical\",\"howCreated\":1,\"objects\":{}}]",
          "height": 104.35,
          "width": 157.31,
          "x": 18.69,
          "y": 119.93,
          "z": 4000.00
        },
        {
          "config": "{\"name\":\"3ea2345c09c1840627be\",\"layouts\":[{\"id\":0,\"position\":{\"x\":21.386138613861387,\"y\":598.8118811881188,\"z\":9000,\"width\":175.54455445544554,\"height\":121.18811881188118,\"tabOrder\":9000}}],\"singleVisual\":{\"visualType\":\"card\",\"projections\":{\"Values\":[{\"queryRef\":\"AivyEvals.Success Rate %\"}]},\"prototypeQuery\":{\"Version\":2,\"From\":[{\"Name\":\"a1\",\"Entity\":\"AivyEvals\",\"Type\":0}],\"Select\":[{\"Measure\":{\"Expression\":{\"SourceRef\":{\"Source\":\"a1\"}},\"Property\":\"Success Rate %\"},\"Name\":\"AivyEvals.Success Rate %\",\"NativeReferenceName\":\"Prod1 Success Rate %\"}],\"OrderBy\":[{\"Direction\":2,\"Expression\":{\"Measure\":{\"Expression\":{\"SourceRef\":{\"Source\":\"a1\"}},\"Property\":\"Success Rate %\"}}}]},\"columnProperties\":{\"aivyeval.Success Rate %\":{\"formatString\":null},\"AivyEvals.Success Rate %\":{\"displayName\":\"Prod1 Success Rate %\"}},\"drillFilterOtherVisuals\":true,\"hasDefaultSort\":true,\"objects\":{}}}",
          "filters": "[{\"name\":\"cb2ed80f90d2e5007a07\",\"expression\":{\"Column\":{\"Expression\":{\"SourceRef\":{\"Entity\":\"AivyEvals\"}},\"Property\":\"source_env\"}},\"filter\":{\"Version\":2,\"From\":[{\"Name\":\"a\",\"Entity\":\"AivyEvals\",\"Type\":0}],\"Where\":[{\"Condition\":{\"In\":{\"Expressions\":[{\"Column\":{\"Expression\":{\"SourceRef\":{\"Source\":\"a\"}},\"Property\":\"source_env\"}}],\"Values\":[[{\"Literal\":{\"Value\":\"'prod1'\"}}]]}}}]},\"type\":\"Categorical\",\"howCreated\":1,\"objects\":{}}]",
          "height": 121.19,
          "width": 175.54,
          "x": 21.39,
          "y": 598.81,
          "z": 9000.00
        },
        {
          "config": "{\"name\":\"5d88cbcfbe0857d29105\",\"layouts\":[{\"id\":0,\"position\":{\"x\":56.07118412046543,\"y\":436.10920982584224,\"z\":6000,\"width\":1174.3798007453038,\"height\":42.053388090349074,\"tabOrder\":4000}}],\"singleVisual\":{\"visualType\":\"textbox\",\"drillFilterOtherVisuals\":true,\"objects\":{\"general\":[{\"properties\":{\"paragraphs\":[{\"textRuns\":[{\"value\":\"Failed runs\",\"textStyle\":{\"fontWeight\":\"bold\",\"fontSize\":\"16pt\"}}],\"horizontalTextAlignment\":\"center\"}]}}]}}}",
          "filters": "[]",
          "height": 42.05,
          "width": 1174.38,
          "x": 56.07,
          "y": 436.11,
          "z": 6000.00
        },
        {
          "config": "{\"name\":\"7e6793190caa3404ad12\",\"layouts\":[{\"id\":0,\"position\":{\"x\":56.77468693241564,\"y\":19.577478252557118,\"z\":1000,\"width\":567.7468693241565,\"height\":62.64793040818278,\"tabOrder\":1000}}],\"singleVisual\":{\"visualType\":\"slicer\",\"projections\":{\"Values\":[{\"queryRef\":\"AivyEvals.metric_name\",\"active\":true}]},\"prototypeQuery\":{\"Version\":2,\"From\":[{\"Name\":\"a1\",\"Entity\":\"AivyEvals\",\"Type\":0}],\"Select\":[{\"Column\":{\"Expression\":{\"SourceRef\":{\"Source\":\"a1\"}},\"Property\":\"metric_name\"},\"Name\":\"AivyEvals.metric_name\",\"NativeReferenceName\":\"Select evaluation metric\"}]},\"columnProperties\":{\"AivyEvals.metric_name\":{\"displayName\":\"Select evaluation metric\"}},\"drillFilterOtherVisuals\":true,\"objects\":{\"data\":[{\"properties\":{\"mode\":{\"expr\":{\"Literal\":{\"Value\":\"'Dropdown'\"}}}}}],\"general\":[{\"properties\":{\"orientation\":{\"expr\":{\"Literal\":{\"Value\":\"1D\"}}},\"filter\":{\"filter\":{\"Version\":2,\"From\":[{\"Name\":\"a\",\"Entity\":\"AivyEvals\",\"Type\":0}],\"Where\":[{\"Condition\":{\"In\":{\"Expressions\":[{\"Column\":{\"Expression\":{\"SourceRef\":{\"Source\":\"a\"}},\"Property\":\"metric_name\"}}],\"Values\":[[{\"Literal\":{\"Value\":\"'Document retrieval completeness'\"}}]]}}}]}}}}],\"selection\":[{\"properties\":{\"singleSelect\":{\"expr\":{\"Literal\":{\"Value\":\"false\"}}},\"strictSingleSelect\":{\"expr\":{\"Literal\":{\"Value\":\"true\"}}}}}],\"header\":[{\"properties\":{\"show\":{\"expr\":{\"Literal\":{\"Value\":\"true\"}}}}}]}}}",
          "filters": "[{\"name\":\"320e9f5ea17a0b887e8c\",\"expression\":{\"Column\":{\"Expression\":{\"SourceRef\":{\"Entity\":\"AivyEvals\"}},\"Property\":\"metric_name\"}},\"filter\":{\"Version\":2,\"From\":[{\"Name\":\"a\",\"Entity\":\"AivyEvals\",\"Type\":0}],\"Where\":[{\"Condition\":{\"In\":{\"Expressions\":[{\"Column\":{\"Expression\":{\"SourceRef\":{\"Source\":\"a\"}},\"Property\":\"metric_name\"}}],\"Values\":[[{\"Literal\":{\"Value\":\"'Person names completeness'\"}}],[{\"Literal\":{\"Value\":\"'Response quality (llm)'\"}}],[{\"Literal\":{\"Value\":\"'Document retrieval completeness'\"}}]]}}}]},\"type\":\"Categorical\",\"howCreated\":0,\"objects\":{},\"isHiddenInViewMode\":false}]",
          "height": 62.65,
          "width": 567.75,
          "x": 56.77,
          "y": 19.58,
          "z": 1000.00
        },
        {
          "config": "{\"name\":\"9550a71fe8c1a50d5561\",\"layouts\":[{\"id\":0,\"position\":{\"x\":182.23134839151265,\"y\":93.45197353410906,\"z\":0,\"width\":1087.1579587801352,\"height\":319.29424290820594,\"tabOrder\":0}}],\"singleVisual\":{\"visualType\":\"lineChart\",\"projections\":{\"Category\":[{\"queryRef\":\"AivyEvals.minute_bucket\",\"active\":true}],\"Y\":[{\"queryRef\":\"Sum(AivyEvals.metric_value)\"}],\"Series\":[{\"queryRef\":\"AivyEvals.source_env\"}]},\"prototypeQuery\":{\"Version\":2,\"From\":[{\"Name\":\"a1\",\"Entity\":\"AivyEvals\",\"Type\":0}],\"Select\":[{\"Column\":{\"Expression\":{\"SourceRef\":{\"Source\":\"a1\"}},\"Property\":\"minute_bucket\"},\"Name\":\"AivyEvals.minute_bucket\",\"NativeReferenceName\":\"minute_bucket1\"},{\"Aggregation\":{\"Expression\":{\"Column\":{\"Expression\":{\"SourceRef\":{\"Source\":\"a1\"}},\"Property\":\"metric_value\"}},\"Function\":0},\"Name\":\"Sum(AivyEvals.metric_value)\",\"NativeReferenceName\":\"Sum of metric_value\"},{\"Column\":{\"Expression\":{\"SourceRef\":{\"Source\":\"a1\"}},\"Property\":\"source_env\"},\"Name\":\"AivyEvals.source_env\",\"NativeReferenceName\":\"source_env\"}],\"OrderBy\":[{\"Direction\":1,\"Expression\":{\"Column\":{\"Expression\":{\"SourceRef\":{\"Source\":\"a1\"}},\"Property\":\"minute_bucket\"}}}]},\"drillFilterOtherVisuals\":true,\"hasDefaultSort\":true,\"objects\":{\"legend\":[{\"properties\":{\"show\":{\"expr\":{\"Literal\":{\"Value\":\"true\"}}}}}],\"valueAxis\":[{\"properties\":{\"show\":{\"expr\":{\"Literal\":{\"Value\":\"true\"}}},\"showAxisTitle\":{\"expr\":{\"Literal\":{\"Value\":\"false\"}}}}}],\"categoryAxis\":[{\"properties\":{\"showAxisTitle\":{\"expr\":{\"Literal\":{\"Value\":\"false\"}}}}}],\"lineStyles\":[{\"properties\":{\"lineStyle\":{\"expr\":{\"Literal\":{\"Value\":\"'solid'\"}}},\"lineChartType\":{\"expr\":{\"Literal\":{\"Value\":\"'smooth'\"}}},\"strokeWidth\":{\"expr\":{\"Literal\":{\"Value\":\"1D\"}}},\"showMarker\":{\"expr\":{\"Literal\":{\"Value\":\"true\"}}}}}],\"labels\":[{\"properties\":{\"show\":{\"expr\":{\"Literal\":{\"Value\":\"false\"}}}}}]},\"vcObjects\":{\"title\":[{\"properties\":{\"show\":{\"expr\":{\"Literal\":{\"Value\":\"false\"}}}}}]}}}",
          "filters": "[]",
          "height": 319.29,
          "width": 1087.16,
          "x": 182.23,
          "y": 93.45,
          "z": 0.00
        },
        {
          "config": "{\"name\":\"afd318c7bc2a39137590\",\"layouts\":[{\"id\":0,\"position\":{\"x\":21.805460491292113,\"y\":478.1625979161913,\"z\":2000,\"width\":175.98875655943417,\"height\":121.47572834436079,\"tabOrder\":6000}}],\"singleVisual\":{\"visualType\":\"card\",\"projections\":{\"Values\":[{\"queryRef\":\"AivyEvals.Success Rate %\"}]},\"prototypeQuery\":{\"Version\":2,\"From\":[{\"Name\":\"a1\",\"Entity\":\"AivyEvals\",\"Type\":0}],\"Select\":[{\"Measure\":{\"Expression\":{\"SourceRef\":{\"Source\":\"a1\"}},\"Property\":\"Success Rate %\"},\"Name\":\"AivyEvals.Success Rate %\",\"NativeReferenceName\":\"Dev1 Success Rate %\"}],\"OrderBy\":[{\"Direction\":2,\"Expression\":{\"Measure\":{\"Expression\":{\"SourceRef\":{\"Source\":\"a1\"}},\"Property\":\"Success Rate %\"}}}]},\"columnProperties\":{\"aivyeval.Success Rate %\":{\"formatString\":null},\"AivyEvals.Success Rate %\":{\"displayName\":\"Dev1 Success Rate %\"}},\"drillFilterOtherVisuals\":true,\"hasDefaultSort\":true,\"objects\":{}}}",
          "filters": "[{\"name\":\"cb2ed80f90d2e5007a07\",\"expression\":{\"Column\":{\"Expression\":{\"SourceRef\":{\"Entity\":\"AivyEvals\"}},\"Property\":\"source_env\"}},\"filter\":{\"Version\":2,\"From\":[{\"Name\":\"a\",\"Entity\":\"AivyEvals\",\"Type\":0}],\"Where\":[{\"Condition\":{\"In\":{\"Expressions\":[{\"Column\":{\"Expression\":{\"SourceRef\":{\"Source\":\"a\"}},\"Property\":\"source_env\"}}],\"Values\":[[{\"Literal\":{\"Value\":\"'dev1'\"}}]]}}}]},\"type\":\"Categorical\",\"howCreated\":1,\"objects\":{}}]",
          "height": 121.48,
          "width": 175.99,
          "x": 21.81,
          "y": 478.16,
          "z": 2000.00
        },
        {
          "config": "{\"name\":\"ba4ed3755435bdc9bc6b\",\"layouts\":[{\"id\":0,\"position\":{\"x\":21.386138613861387,\"y\":239.7029702970297,\"z\":8000,\"width\":157.72277227722773,\"height\":104.25742574257426,\"tabOrder\":8000}}],\"singleVisual\":{\"visualType\":\"card\",\"projections\":{\"Values\":[{\"queryRef\":\"Sum(AivyEvals.metric_value)\"}]},\"prototypeQuery\":{\"Version\":2,\"From\":[{\"Name\":\"a1\",\"Entity\":\"AivyEvals\",\"Type\":0}],\"Select\":[{\"Aggregation\":{\"Expression\":{\"Column\":{\"Expression\":{\"SourceRef\":{\"Source\":\"a1\"}},\"Property\":\"metric_value\"}},\"Function\":1},\"Name\":\"Sum(AivyEvals.metric_value)\",\"NativeReferenceName\":\"Prod1 avg\"}],\"OrderBy\":[{\"Direction\":2,\"Expression\":{\"Aggregation\":{\"Expression\":{\"Column\":{\"Expression\":{\"SourceRef\":{\"Source\":\"a1\"}},\"Property\":\"metric_value\"}},\"Function\":1}}}]},\"columnProperties\":{\"aivyeval.Metric Avg\":{\"formatString\":null},\"Sum(AivyEvals.metric_value)\":{\"displayName\":\"Prod1 avg\"}},\"drillFilterOtherVisuals\":true,\"hasDefaultSort\":true}}",
          "filters": "[{\"name\":\"6f6d4acaeca4b65cdb44\",\"expression\":{\"Column\":{\"Expression\":{\"SourceRef\":{\"Entity\":\"AivyEvals\"}},\"Property\":\"source_env\"}},\"filter\":{\"Version\":2,\"From\":[{\"Name\":\"a\",\"Entity\":\"AivyEvals\",\"Type\":0}],\"Where\":[{\"Condition\":{\"In\":{\"Expressions\":[{\"Column\":{\"Expression\":{\"SourceRef\":{\"Source\":\"a\"}},\"Property\":\"source_env\"}}],\"Values\":[[{\"Literal\":{\"Value\":\"'prod1'\"}}]]}}}]},\"type\":\"Categorical\",\"howCreated\":1,\"objects\":{}}]",
          "height": 104.26,
          "width": 157.72,
          "x": 21.39,
          "y": 239.70,
          "z": 8000.00
        },
        {
          "config": "{\"name\":\"da14ce961408e5cc1b53\",\"layouts\":[{\"id\":0,\"position\":{\"x\":0,\"y\":0,\"width\":100,\"height\":40,\"z\":5000,\"tabOrder\":3000}}],\"singleVisual\":{\"visualType\":\"actionButton\",\"drillFilterOtherVisuals\":true,\"objects\":{\"icon\":[{\"properties\":{\"shapeType\":{\"expr\":{\"Literal\":{\"Value\":\"'back'\"}}}},\"selector\":{\"id\":\"default\"}}]},\"vcObjects\":{\"visualLink\":[{\"properties\":{\"show\":{\"expr\":{\"Literal\":{\"Value\":\"true\"}}},\"type\":{\"expr\":{\"Literal\":{\"Value\":\"'Back'\"}}}}}]}},\"howCreated\":\"InsertVisualButton\"}",
          "filters": "[]",
          "height": 40.00,
          "width": 100.00,
          "x": 0.00,
          "y": 0.00,
          "z": 5000.00
        },
        {
          "config": "{\"name\":\"e0338543995322a1a58d\",\"layouts\":[{\"id\":0,\"position\":{\"x\":253.8778614343296,\"y\":478.1625979161913,\"z\":3000,\"width\":1010.8388470606129,\"height\":236.74499961974294,\"tabOrder\":2000}}],\"singleVisual\":{\"visualType\":\"tableEx\",\"projections\":{\"Values\":[{\"queryRef\":\"AivyEvals.eval_timestamp Hierarchy.eval_timestamp\"},{\"queryRef\":\"AivyEvals.source_env\"},{\"queryRef\":\"AivyEvals.metadata_json\"}]},\"prototypeQuery\":{\"Version\":2,\"From\":[{\"Name\":\"a\",\"Entity\":\"AivyEvals\",\"Type\":0}],\"Select\":[{\"Column\":{\"Expression\":{\"SourceRef\":{\"Source\":\"a\"}},\"Property\":\"source_env\"},\"Name\":\"AivyEvals.source_env\",\"NativeReferenceName\":\"source_env\"},{\"Column\":{\"Expression\":{\"SourceRef\":{\"Source\":\"a\"}},\"Property\":\"metadata_json\"},\"Name\":\"AivyEvals.metadata_json\",\"NativeReferenceName\":\"metadata_json\"},{\"HierarchyLevel\":{\"Expression\":{\"Hierarchy\":{\"Expression\":{\"SourceRef\":{\"Source\":\"a\"}},\"Hierarchy\":\"eval_timestamp Hierarchy\"}},\"Level\":\"eval_timestamp\"},\"Name\":\"AivyEvals.eval_timestamp Hierarchy.eval_timestamp\",\"NativeReferenceName\":\"eval_timestamp Hierarchy eval_timestamp\"}],\"OrderBy\":[{\"Direction\":1,\"Expression\":{\"Column\":{\"Expression\":{\"SourceRef\":{\"Source\":\"a\"}},\"Property\":\"metadata_json\"}}}]},\"drillFilterOtherVisuals\":true,\"objects\":{},\"vcObjects\":{\"visualTooltip\":[{\"properties\":{\"show\":{\"expr\":{\"Literal\":{\"Value\":\"false\"}}}}}],\"title\":[{\"properties\":{\"show\":{\"expr\":{\"Literal\":{\"Value\":\"false\"}}}}}]}}}",
          "filters": "[{\"name\":\"ea06abe2a164722d0011\",\"expression\":{\"Measure\":{\"Expression\":{\"SourceRef\":{\"Entity\":\"AivyEvals\"}},\"Property\":\"Failure Rows\"}},\"filter\":{\"Version\":2,\"From\":[{\"Name\":\"a\",\"Entity\":\"AivyEvals\",\"Type\":0}],\"Where\":[{\"Condition\":{\"Comparison\":{\"ComparisonKind\":1,\"Left\":{\"Measure\":{\"Expression\":{\"SourceRef\":{\"Source\":\"a\"}},\"Property\":\"Failure Rows\"}},\"Right\":{\"Literal\":{\"Value\":\"1L\"}}}}}]},\"type\":\"Advanced\",\"howCreated\":1}]",
          "height": 236.74,
          "width": 1010.84,
          "x": 253.88,
          "y": 478.16,
          "z": 3000.00
        }
      ],
      "width": 1280.00
    }
  ]
}