[
  {
    "uniqueIdentifier": "03f863e4-7fec-4a35-8be8-f660e6e2f3fc",
    "payload": {
      "name": "lh_bronze",
      "description": "Container Description",
      "type": "rthSubscriptions"
    },
    "type": "container-v1"
  },
  {
    "uniqueIdentifier": "39973722-e48a-4843-b92e-d639b06527d7",
    "payload": {
      "name": "Fabric item action",
      "fabricItem": {
        "itemId": "6ea3a3ee-6df8-9b98-4269-8af1f9eadc6b",
        "workspaceId": "00000000-0000-0000-0000-000000000000",
        "itemType": "Pipeline"
      },
      "jobType": "Pipeline",
      "parentContainer": {
        "targetUniqueIdentifier": "03f863e4-7fec-4a35-8be8-f660e6e2f3fc"
      }
    },
    "type": "fabricItemAction-v1"
  },
  {
    "uniqueIdentifier": "4008efd7-810e-48af-bcef-669c43066c68",
    "payload": {
      "name": "Dev - Crimson event",
      "connection": {
        "scope": "Artifact",
        "tenantId": "385f9270-6e2d-44ab-8297-02cf20fd17ce",
        "workspaceId": "33535eb8-4d07-49bc-b3a5-cc91d3aa6ced",
        "artifactId": "13ef97da-5da2-466d-8c5f-2a70572c6558",
        "eventGroupType": "Microsoft.Fabric.OneLakeEvents"
      },
      "filterSettings": {
        "eventTypes": [
          {
            "name": "Microsoft.Fabric.OneLake.FileCreated"
          },
          {
            "name": "Microsoft.Fabric.OneLake.FileDeleted"
          },
          {
            "name": "Microsoft.Fabric.OneLake.FileRenamed"
          },
          {
            "name": "Microsoft.Fabric.OneLake.FolderCreated"
          },
          {
            "name": "Microsoft.Fabric.OneLake.FolderDeleted"
          },
          {
            "name": "Microsoft.Fabric.OneLake.FolderRenamed"
          }
        ],
        "filters": [
          {
            "values": [
              "/Files/AuditedFinancialStatements"
            ],
            "operatorType": "StringBeginsWith",
            "key": "subject"
          }
        ]
      },
      "parentContainer": {
        "targetUniqueIdentifier": "03f863e4-7fec-4a35-8be8-f660e6e2f3fc"
      }
    },
    "type": "realTimeHubSource-v1"
  },
  {
    "uniqueIdentifier": "eaab2338-aace-4561-a341-f32f9c55e466",
    "payload": {
      "name": "Dev - Crimson event",
      "parentContainer": {
        "targetUniqueIdentifier": "03f863e4-7fec-4a35-8be8-f660e6e2f3fc"
      },
      "definition": {
        "type": "Event",
        "instance": "{\"steps\":[{\"id\":\"91559f38-024f-41e7-bd2a-49671c4a7538\",\"name\":\"SourceEventStep\",\"rows\":[{\"arguments\":[{\"name\":\"entityId\",\"type\":\"string\",\"value\":\"4008efd7-810e-48af-bcef-669c43066c68\"}],\"kind\":\"SourceReference\",\"name\":\"SourceSelector\"}]}],\"templateId\":\"SourceEvent\",\"templateVersion\":\"1.2.3\"}"
      }
    },
    "type": "timeSeriesView-v1"
  },
  {
    "uniqueIdentifier": "f3a0616e-7a47-48f8-8bc7-9dfaf39c8a3d",
    "payload": {
      "name": "AFS Pipeline Trigger",
      "parentContainer": {
        "targetUniqueIdentifier": "03f863e4-7fec-4a35-8be8-f660e6e2f3fc"
      },
      "definition": {
        "type": "Rule",
        "instance": "{\"steps\":[{\"id\":\"9fcbea47-497a-4e06-83e3-b3b2780d309f\",\"name\":\"FieldsDefaultsStep\",\"rows\":[{\"arguments\":[{\"arguments\":[{\"name\":\"entityId\",\"type\":\"string\",\"value\":\"eaab2338-aace-4561-a341-f32f9c55e466\"}],\"kind\":\"EventReference\",\"name\":\"event\",\"type\":\"complex\"}],\"kind\":\"Event\",\"name\":\"EventSelector\"}]},{\"id\":\"fe0ec24a-a737-40e9-8e4d-4e76a9186f8c\",\"name\":\"EventDetectStep\",\"rows\":[{\"arguments\":[],\"kind\":\"OnEveryValue\",\"name\":\"OnEveryValue\"}]},{\"id\":\"fd84c4b7-62ad-4dc9-93f0-b6085dba7752\",\"name\":\"ActStep\",\"rows\":[{\"kind\":\"FabricItemInvocation\",\"name\":\"FabricItemBinding\",\"arguments\":[{\"name\":\"workspaceId\",\"type\":\"string\",\"value\":\"33535eb8-4d07-49bc-b3a5-cc91d3aa6ced\"},{\"name\":\"itemId\",\"type\":\"string\",\"value\":\"f9eadc6b-8af1-4269-9b98-6df86ea3a3ee\"},{\"name\":\"itemType\",\"type\":\"string\",\"value\":\"Pipeline\"},{\"name\":\"jobType\",\"type\":\"string\",\"value\":\"Pipeline\"},{\"name\":\"fabricJobConnectionDocumentId\",\"type\":\"string\",\"value\":\"39973722-e48a-4843-b92e-d639b06527d7\"},{\"name\":\"parameters\",\"type\":\"array\",\"values\":[{\"arguments\":[{\"name\":\"parameterName\",\"type\":\"string\",\"value\":\"Type\"},{\"name\":\"parameterValue\",\"type\":\"complexArray\",\"values\":[{\"arguments\":[{\"name\":\"fieldName\",\"type\":\"string\",\"value\":\"___type\"}],\"kind\":\"EventFieldReference\",\"type\":\"complexReference\"}]},{\"name\":\"parameterType\",\"type\":\"string\",\"value\":\"String\"}],\"kind\":\"FabricItemParameter\",\"type\":\"complex\"},{\"arguments\":[{\"name\":\"parameterName\",\"type\":\"string\",\"value\":\"Subject\"},{\"name\":\"parameterValue\",\"type\":\"complexArray\",\"values\":[{\"arguments\":[{\"name\":\"fieldName\",\"type\":\"string\",\"value\":\"___subject\"}],\"kind\":\"EventFieldReference\",\"type\":\"complexReference\"}]},{\"name\":\"parameterType\",\"type\":\"string\",\"value\":\"String\"}],\"kind\":\"FabricItemParameter\",\"type\":\"complex\"},{\"arguments\":[{\"name\":\"parameterName\",\"type\":\"string\",\"value\":\"Source\"},{\"name\":\"parameterValue\",\"type\":\"complexArray\",\"values\":[{\"arguments\":[{\"name\":\"fieldName\",\"type\":\"string\",\"value\":\"___source\"}],\"kind\":\"EventFieldReference\",\"type\":\"complexReference\"}]},{\"name\":\"parameterType\",\"type\":\"string\",\"value\":\"String\"}],\"kind\":\"FabricItemParameter\",\"type\":\"complex\"}]},{\"name\":\"additionalInformation\",\"type\":\"array\",\"values\":[]}]}]}],\"templateId\":\"EventTrigger\",\"templateVersion\":\"1.2.3\"}",
        "settings": {
          "shouldRun": true,
          "shouldApplyRuleOnUpdate": false
        }
      }
    },
    "type": "timeSeriesView-v1"
  }
]