{
  "$schema": "https://developer.microsoft.com/json-schemas/fabric/item/variableLibrary/definition/variables/1.0.0/schema.json",
  "variables": [
    {
      "name": "WorkspaceName",
      "note": "",
      "type": "String",
      "value": "Dev - Crimson"
    },
    {
      "name": "DBProdConnectionID",
      "note": "",
      "type": "String",
      "value": "355469f3-c2c9-46ff-b971-134188715489"
    },
    {
      "name": "KnowBe4Connection",
      "note": "",
      "type": "String",
      "value": "a54b02f3-2c8f-4c89-8578-6caae282fd91"
    },
    {
      "name": "WorkspaceID",
      "note": "",
      "type": "String",
      "value": "33535eb8-4d07-49bc-b3a5-cc91d3aa6ced"
    },
    {
      "name": "RawLakehouseID",
      "note": "",
      "type": "String",
      "value": "920a12cc-7104-4013-a2a3-d7baa57e9e3f"
    },
    {
      "name": "BronzeLakehouseID",
      "note": "",
      "type": "String",
      "value": "13ef97da-5da2-466d-8c5f-2a70572c6558"
    },
    {
      "name": "CuratedLakehouseID",
      "note": "",
      "type": "String",
      "value": "e9fc4e80-ff69-4d45-bbdd-892592889465"
    },
    {
      "name": "HMCDataWarehouse",
      "note": "",
      "type": "String",
      "value": "4d6da7b7-4564-4467-b0c5-67984805b11c"
    },
    {
      "name": "CrimsonX",
      "note": "",
      "type": "String",
      "value": "355469f3-c2c9-46ff-b971-134188715489"
    },
    {
      "name": "HMCDataMartInvestment",
      "note": "",
      "type": "String",
      "value": "5792fd8b-a372-4f1e-be9b-4ce21f6a6318"
    },
    {
      "name": "CrimsonDevAPI",
      "note": "",
      "type": "String",
      "value": "d3d8ffa5-fdeb-4f9e-9b38-c7a70842e3cb"
    },
    {
      "name": "CrimsonPreAPI",
      "note": "",
      "type": "String",
      "value": "8611f1cd-2106-40ef-bf3e-d3a6ea2246bc"
    },
    {
      "name": "KeyVaultName",
      "note": "",
      "type": "String",
      "value": "kv-dc1dev-adf"
    },
    {
      "name": "SharepointSecretName",
      "note": "",
      "type": "String",
      "value": "SharePointOnlineSiteAccess-Fabric"
    },
    {
      "name": "AzAppRegClientID",
      "note": "",
      "type": "String",
      "value": "d9d77d0f-c67c-4576-9255-005292dfabbf"
    },
    {
      "name": "AzAppRegTenantID",
      "note": "",
      "type": "String",
      "value": "385f9270-6e2d-44ab-8297-02cf20fd17ce"
    },
    {
      "name": "SpnClientId",
      "note": "",
      "type": "String",
      "value": "f674b3b2-ff4c-4272-b60d-a2acfeafca3f"
    },
    {
      "name": "SpnSecretName",
      "note": "",
      "type": "String",
      "value": "crimsonservice-dev-client-secret"
    },
    {
      "name": "CalculatorUrl",
      "note": "",
      "type": "String",
      "value": "https://winfunctionappdotnet-dev1.azurewebsites.net"
    }
  ]
}