{
  "properties": {
    "activities": [
      {
        "type": "Lookup",
        "typeProperties": {
          "source": {
            "type": "DataWarehouseSource",
            "sqlReaderStoredProcedureName": "[etl].[GetFileTaskInfo]",
            "storedProcedureParameters": {
              "TaskAuditKey": {
                "type": "Int64",
                "value": {
                  "value": "@pipeline().parameters.TaskAuditKey",
                  "type": "Expression"
                }
              }
            },
            "partitionOption": "None",
            "queryTimeout": "02:00:00"
          },
          "datasetSettings": {
            "type": "DataWarehouseTable",
            "schema": [],
            "linkedService": {
              "name": "etlControl",
              "properties": {
                "type": "DataWarehouse",
                "typeProperties": {
                  "artifactId": "95db441c-1821-4183-bb87-3c23cd7a9253",
                  "endpoint": "ocjf6obnn2vujauxalhsb7ixzy-xbpfgmyhjw6etm5fzsi5hktm5u.datawarehouse.fabric.microsoft.com",
                  "workspaceId": "33535eb8-4d07-49bc-b3a5-cc91d3aa6ced"
                },
                "annotations": []
              }
            },
            "annotations": []
          }
        },
        "policy": {
          "timeout": "0.12:00:00",
          "retry": 0,
          "retryIntervalInSeconds": 30,
          "secureInput": false,
          "secureOutput": false
        },
        "name": "GetFileTaskInfo",
        "dependsOn": []
      },
      {
        "type": "Switch",
        "typeProperties": {
          "on": {
            "value": "@toLower(activity('GetFileTaskInfo').output.firstRow.FileType)",
            "type": "Expression"
          },
          "cases": [
            {
              "value": "delimited",
              "activities": [
                {
                  "type": "ExecutePipeline",
                  "typeProperties": {
                    "pipeline": {
                      "referenceName": "9ab50a5d-2a8a-92a2-4bf4-5984f3f7a871",
                      "type": "PipelineReference"
                    },
                    "parameters": {
                      "TaskAuditKey": {
                        "value": "@pipeline().parameters.TaskAuditKey",
                        "type": "Expression"
                      },
                      "TaskKey": {
                        "value": "@pipeline().parameters.TaskKey",
                        "type": "Expression"
                      }
                    },
                    "waitOnCompletion": true
                  },
                  "policy": {
                    "secureInput": false
                  },
                  "name": "pl_delimited",
                  "dependsOn": []
                }
              ]
            },
            {
              "value": "parquet",
              "activities": [
                {
                  "type": "ExecutePipeline",
                  "typeProperties": {
                    "pipeline": {
                      "referenceName": "e1a3889e-cea5-a545-412d-6d532c1641e0",
                      "type": "PipelineReference"
                    },
                    "parameters": {
                      "TaskAuditKey": {
                        "value": "@pipeline().parameters.TaskAuditKey",
                        "type": "Expression"
                      },
                      "ETLLoadDateTime": "45",
                      "TaskKey": {
                        "value": "@pipeline().parameters.TaskKey",
                        "type": "Expression"
                      }
                    },
                    "waitOnCompletion": true
                  },
                  "policy": {
                    "secureInput": false
                  },
                  "name": "pl_parquet",
                  "dependsOn": []
                }
              ]
            },
            {
              "value": "json",
              "activities": [
                {
                  "type": "ExecutePipeline",
                  "typeProperties": {
                    "pipeline": {
                      "referenceName": "0918ba35-a5ae-8449-4f96-23311e359748",
                      "type": "PipelineReference"
                    },
                    "parameters": {
                      "TaskAuditKey": {
                        "value": "@pipeline().parameters.TaskAuditKey",
                        "type": "Expression"
                      },
                      "ETLLoadDateTime": {
                        "value": "@pipeline().parameters.EtlLoadDateTime",
                        "type": "Expression"
                      },
                      "TaskKey": {
                        "value": "@pipeline().parameters.TaskKey",
                        "type": "Expression"
                      }
                    },
                    "waitOnCompletion": true
                  },
                  "policy": {
                    "secureInput": false
                  },
                  "name": "pl_json",
                  "dependsOn": []
                }
              ]
            },
            {
              "value": "xlsx",
              "activities": [
                {
                  "type": "ExecutePipeline",
                  "typeProperties": {
                    "pipeline": {
                      "referenceName": "0a8de022-6c78-abfe-4d55-39c76d900b40",
                      "type": "PipelineReference"
                    },
                    "parameters": {
                      "TaskAuditKey": {
                        "value": "@pipeline().parameters.TaskAuditKey",
                        "type": "Expression"
                      },
                      "ETLLoadDateTime": {
                        "value": "@pipeline().parameters.EtlLoadDateTime",
                        "type": "Expression"
                      },
                      "TaskKey": {
                        "value": "@pipeline().parameters.TaskKey",
                        "type": "Expression"
                      }
                    },
                    "waitOnCompletion": true
                  },
                  "policy": {
                    "secureInput": false
                  },
                  "name": "pl_excel",
                  "dependsOn": []
                }
              ]
            }
          ],
          "defaultActivities": [
            {
              "type": "Fail",
              "typeProperties": {
                "message": "Invalid input parameters",
                "errorCode": "000"
              },
              "name": "ThrowParameterFailure",
              "dependsOn": []
            }
          ]
        },
        "name": "CaseSourceType",
        "description": "Based on the type of source DB, execute the proper \"Copy Data\" activity and extraction query.",
        "dependsOn": [
          {
            "activity": "SharepointToLakehouse",
            "dependencyConditions": [
              "Succeeded"
            ]
          }
        ]
      },
      {
        "type": "ExecutePipeline",
        "typeProperties": {
          "pipeline": {
            "referenceName": "f0f37905-6dab-a9c6-412a-39ec5f42cfbc",
            "type": "PipelineReference"
          },
          "parameters": {
            "TaskAuditKey": {
              "value": "@pipeline().parameters.TaskAuditKey",
              "type": "Expression"
            },
            "TaskKey": {
              "value": "@pipeline().parameters.TaskKey",
              "type": "Expression"
            },
            "TaskList": {
              "value": "@string(activity('GetFileTaskInfo').output.firstRow)",
              "type": "Expression"
            }
          },
          "waitOnCompletion": true
        },
        "policy": {
          "secureInput": false
        },
        "name": "pl_load_raw_to_bronze",
        "dependsOn": [
          {
            "activity": "CaseSourceType",
            "dependencyConditions": [
              "Succeeded"
            ]
          }
        ]
      },
      {
        "type": "Delete",
        "typeProperties": {
          "enableLogging": false,
          "datasetSettings": {
            "type": "Binary",
            "typeProperties": {
              "location": {
                "type": "LakehouseLocation",
                "folderPath": {
                  "value": "@concat('Archive/', formatDateTime(addDays(utcNow(), -31), 'yyyy/MM/dd'))",
                  "type": "Expression"
                }
              }
            },
            "linkedService": {
              "name": "lh_raw",
              "properties": {
                "type": "Lakehouse",
                "typeProperties": {
                  "artifactId": "a57e9e3f-d7ba-a2a3-4013-7104920a12cc",
                  "workspaceId": "00000000-0000-0000-0000-000000000000",
                  "rootFolder": "Files"
                },
                "annotations": []
              }
            },
            "annotations": []
          },
          "storeSettings": {
            "type": "LakehouseReadSettings",
            "recursive": true,
            "enablePartitionDiscovery": false
          }
        },
        "policy": {
          "timeout": "0.12:00:00",
          "retry": 0,
          "retryIntervalInSeconds": 30,
          "secureInput": false,
          "secureOutput": false
        },
        "name": "DeleteOldArchive",
        "description": "Older than 30days",
        "dependsOn": [
          {
            "activity": "pl_load_raw_to_bronze",
            "dependencyConditions": [
              "Succeeded"
            ]
          }
        ]
      },
      {
        "type": "TridentNotebook",
        "typeProperties": {
          "notebookId": "3ce419b7-23d7-8bc5-44f1-8021c6d6186d",
          "workspaceId": "00000000-0000-0000-0000-000000000000",
          "parameters": {
            "TaskList": {
              "value": {
                "value": "@string(activity('GetFileTaskInfo').output.firstRow)",
                "type": "Expression"
              },
              "type": "string"
            },
            "KeyVaultName": {
              "value": {
                "value": "@pipeline().libraryVariables.KeyVaultName",
                "type": "Expression"
              },
              "type": "string"
            },
            "SecretName": {
              "value": {
                "value": "@pipeline().libraryVariables.SharepointSecretName",
                "type": "Expression"
              },
              "type": "string"
            },
            "TenantId": {
              "value": {
                "value": "@pipeline().libraryVariables.TenantID",
                "type": "Expression"
              },
              "type": "string"
            },
            "ClientId": {
              "value": {
                "value": "@pipeline().libraryVariables.ClientID",
                "type": "Expression"
              },
              "type": "string"
            }
          },
          "sessionTag": "HCSession"
        },
        "policy": {
          "timeout": "0.12:00:00",
          "retry": 0,
          "retryIntervalInSeconds": 30,
          "secureInput": false,
          "secureOutput": false
        },
        "name": "SharepointToLakehouse",
        "dependsOn": [
          {
            "activity": "GetFileTaskInfo",
            "dependencyConditions": [
              "Succeeded"
            ]
          }
        ]
      }
    ],
    "parameters": {
      "TaskAuditKey": {
        "type": "int"
      },
      "EtlLoadDateTime": {
        "type": "string"
      },
      "TaskType": {
        "type": "string",
        "defaultValue": "FileTask"
      },
      "TaskKey": {
        "type": "string"
      }
    },
    "libraryVariables": {
      "KeyVaultName": {
        "type": "String",
        "variableName": "KeyVaultName",
        "libraryName": "Environment"
      },
      "SharepointSecretName": {
        "type": "String",
        "variableName": "SharepointSecretName",
        "libraryName": "Environment"
      },
      "ClientID": {
        "type": "String",
        "variableName": "AzAppRegClientID",
        "libraryName": "Environment"
      },
      "TenantID": {
        "type": "String",
        "variableName": "AzAppRegTenantID",
        "libraryName": "Environment"
      }
    }
  }
}