{
  "properties": {
    "activities": [
      {
        "type": "ExecutePipeline",
        "typeProperties": {
          "pipeline": {
            "referenceName": "ad5a99c8-d9e9-becf-4a6d-a582015ba66f",
            "type": "PipelineReference"
          },
          "parameters": {
            "JobName": "NotesOrchestration"
          },
          "waitOnCompletion": true
        },
        "policy": {
          "secureInput": false
        },
        "name": "Run Notes Job",
        "dependsOn": []
      }
    ]
  }
}