{
  "properties": {
    "activities": [
      {
        "type": "ExecutePipeline",
        "typeProperties": {
          "pipeline": {
            "referenceName": "ad5a99c8-d9e9-becf-4a6d-a582015ba66f",
            "type": "PipelineReference"
          },
          "parameters": {
            "TaskKeyList": "5003"
          },
          "waitOnCompletion": true
        },
        "policy": {
          "secureInput": false
        },
        "name": "RawToBronze",
        "dependsOn": [
          {
            "activity": "ForEach1",
            "dependencyConditions": [
              "Succeeded"
            ]
          }
        ]
      },
      {
        "type": "Lookup",
        "typeProperties": {
          "source": {
            "type": "DataWarehouseSource",
            "sqlReaderQuery": "Select FileTaskKey from etl.FileTask",
            "partitionOption": "None",
            "queryTimeout": "02:00:00"
          },
          "datasetSettings": {
            "type": "DataWarehouseTable",
            "schema": [],
            "linkedService": {
              "name": "etlControl",
              "properties": {
                "type": "DataWarehouse",
                "typeProperties": {
                  "artifactId": "95db441c-1821-4183-bb87-3c23cd7a9253",
                  "endpoint": "ocjf6obnn2vujauxalhsb7ixzy-xbpfgmyhjw6etm5fzsi5hktm5u.datawarehouse.fabric.microsoft.com",
                  "workspaceId": "33535eb8-4d07-49bc-b3a5-cc91d3aa6ced"
                },
                "annotations": []
              }
            },
            "annotations": []
          },
          "firstRowOnly": false
        },
        "policy": {
          "timeout": "0.12:00:00",
          "retry": 0,
          "retryIntervalInSeconds": 30,
          "secureInput": false,
          "secureOutput": false
        },
        "name": "LookupFileTasks",
        "description": "All",
        "state": "Inactive",
        "onInactiveMarkAs": "Succeeded",
        "dependsOn": []
      },
      {
        "type": "ForEach",
        "typeProperties": {
          "isSequential": false,
          "items": {
            "value": "@activity('LookupFileTasks').output.value",
            "type": "Expression"
          },
          "activities": [
            {
              "type": "AppendVariable",
              "typeProperties": {
                "variableName": "TaskKeyList",
                "value": {
                  "value": "@string(item().FileTaskKey)\n",
                  "type": "Expression"
                }
              },
              "name": "Append variable1",
              "dependsOn": []
            }
          ]
        },
        "name": "ForEach1",
        "state": "Inactive",
        "onInactiveMarkAs": "Succeeded",
        "dependsOn": [
          {
            "activity": "Set FileTaskKey",
            "dependencyConditions": [
              "Succeeded"
            ]
          }
        ]
      },
      {
        "type": "SetVariable",
        "typeProperties": {
          "variableName": "FileTaskKeyList",
          "value": {
            "value": "@string(activity('LookupFileTasks').output.value)",
            "type": "Expression"
          }
        },
        "policy": {
          "secureInput": false,
          "secureOutput": false
        },
        "name": "Set FileTaskKey",
        "state": "Inactive",
        "onInactiveMarkAs": "Succeeded",
        "dependsOn": [
          {
            "activity": "LookupFileTasks",
            "dependencyConditions": [
              "Succeeded"
            ]
          }
        ]
      },
      {
        "type": "SetVariable",
        "typeProperties": {
          "variableName": "test",
          "value": {
            "value": "@variables('TaskKeyList')",
            "type": "Expression"
          }
        },
        "policy": {
          "secureInput": false,
          "secureOutput": false
        },
        "name": "Set variable1",
        "state": "Inactive",
        "onInactiveMarkAs": "Succeeded",
        "dependsOn": [
          {
            "activity": "ForEach1",
            "dependencyConditions": [
              "Succeeded"
            ]
          }
        ]
      },
      {
        "type": "ExecutePipeline",
        "typeProperties": {
          "pipeline": {
            "referenceName": "ad5a99c8-d9e9-becf-4a6d-a582015ba66f",
            "type": "PipelineReference"
          },
          "parameters": {
            "TaskKeyList": "76"
          },
          "waitOnCompletion": true
        },
        "policy": {
          "secureInput": false
        },
        "name": "BronzeToSilver",
        "dependsOn": [
          {
            "activity": "RawToBronze",
            "dependencyConditions": [
              "Succeeded"
            ]
          }
        ]
      }
    ]
  }
}