{
  "properties": {
    "activities": [
      {
        "type": "Copy",
        "typeProperties": {
          "source": {
            "type": "LakehouseTableSource",
            "datasetSettings": {
              "type": "LakehouseTable",
              "typeProperties": {
                "table": "FundPerformance"
              },
              "schema": [],
              "linkedService": {
                "name": "LakehouseSilver",
                "properties": {
                  "type": "Lakehouse",
                  "typeProperties": {
                    "artifactId": "0d258a24-e449-43e6-a029-4a56ec727d07",
                    "workspaceId": "8d1661d3-1509-409e-96e6-2f2d2da983de",
                    "rootFolder": "Tables"
                  },
                  "annotations": []
                }
              },
              "annotations": []
            }
          },
          "sink": {
            "type": "LakehouseTableSink",
            "tableActionOption": "OverwriteSchema",
            "partitionOption": "None",
            "datasetSettings": {
              "type": "LakehouseTable",
              "typeProperties": {
                "schema": "Silver",
                "table": "tempFundPerformance"
              },
              "schema": [],
              "linkedService": {
                "name": "lh_curated",
                "properties": {
                  "type": "Lakehouse",
                  "typeProperties": {
                    "artifactId": "92889465-8925-bbdd-4d45-ff69e9fc4e80",
                    "workspaceId": "00000000-0000-0000-0000-000000000000",
                    "rootFolder": "Tables"
                  },
                  "annotations": []
                }
              },
              "annotations": []
            }
          },
          "translator": {
            "type": "TabularTranslator",
            "typeConversion": true,
            "typeConversionSettings": {
              "allowDataTruncation": true,
              "treatBooleanAsNumber": false
            }
          },
          "enableStaging": false
        },
        "policy": {
          "timeout": "0.12:00:00",
          "retry": 0,
          "retryIntervalInSeconds": 30,
          "secureInput": false,
          "secureOutput": false
        },
        "name": "Copy data1",
        "dependsOn": []
      }
    ]
  }
}