[
  {
    "uniqueIdentifier": "0bd74b5c-1410-4fac-a498-8ab62c3d88ee",
    "payload": {
      "name": "lh_raw",
      "description": "Container Description",
      "type": "rthSubscriptions"
    },
    "type": "container-v1"
  },
  {
    "uniqueIdentifier": "80c926d0-bb58-4196-85f8-e83aa921977e",
    "payload": {
      "name": "Fabric item action",
      "fabricItem": {
        "itemId": "a56e46e9-5608-a76a-47ef-7e126d0547b2",
        "workspaceId": "00000000-0000-0000-0000-000000000000",
        "itemType": "Pipeline"
      },
      "jobType": "Pipeline",
      "parentContainer": {
        "targetUniqueIdentifier": "0bd74b5c-1410-4fac-a498-8ab62c3d88ee"
      }
    },
    "type": "fabricItemAction-v1"
  },
  {
    "uniqueIdentifier": "7a0720fb-8be2-4cf7-906e-fa8b0dc5bfc0",
    "payload": {
      "name": "Dev - Crimson event",
      "connection": {
        "scope": "Artifact",
        "tenantId": "385f9270-6e2d-44ab-8297-02cf20fd17ce",
        "workspaceId": "33535eb8-4d07-49bc-b3a5-cc91d3aa6ced",
        "artifactId": "920a12cc-7104-4013-a2a3-d7baa57e9e3f",
        "eventGroupType": "Microsoft.Fabric.OneLakeEvents"
      },
      "filterSettings": {
        "eventTypes": [
          {
            "name": "Microsoft.Fabric.OneLake.FolderCreated"
          }
        ],
        "filters": [
          {
            "values": [
              "/Files/AuditedFinancialStatements"
            ],
            "operatorType": "StringBeginsWith",
            "key": "subject"
          }
        ]
      },
      "parentContainer": {
        "targetUniqueIdentifier": "0bd74b5c-1410-4fac-a498-8ab62c3d88ee"
      }
    },
    "type": "realTimeHubSource-v1"
  },
  {
    "uniqueIdentifier": "f120ccd9-f3bb-4d56-a25f-0a3bce600188",
    "payload": {
      "name": "Dev - Crimson event",
      "parentContainer": {
        "targetUniqueIdentifier": "0bd74b5c-1410-4fac-a498-8ab62c3d88ee"
      },
      "definition": {
        "type": "Event",
        "instance": "{\"steps\":[{\"id\":\"46f3b0c9-edfb-4359-8c6c-1348fce0bdf8\",\"name\":\"SourceEventStep\",\"rows\":[{\"arguments\":[{\"name\":\"entityId\",\"type\":\"string\",\"value\":\"7a0720fb-8be2-4cf7-906e-fa8b0dc5bfc0\"}],\"kind\":\"SourceReference\",\"name\":\"SourceSelector\"}]}],\"templateId\":\"SourceEvent\",\"templateVersion\":\"1.2.3\"}"
      }
    },
    "type": "timeSeriesView-v1"
  },
  {
    "uniqueIdentifier": "38562fe9-3ee4-430a-9a89-5f2ed164fdc5",
    "payload": {
      "name": "Audited Financial Statement Folder Created",
      "parentContainer": {
        "targetUniqueIdentifier": "0bd74b5c-1410-4fac-a498-8ab62c3d88ee"
      },
      "definition": {
        "type": "Rule",
        "instance": "{\"steps\":[{\"id\":\"de1f26ae-b789-4ab5-a2f6-5be749f55036\",\"name\":\"FieldsDefaultsStep\",\"rows\":[{\"arguments\":[{\"arguments\":[{\"name\":\"entityId\",\"type\":\"string\",\"value\":\"f120ccd9-f3bb-4d56-a25f-0a3bce600188\"}],\"kind\":\"EventReference\",\"name\":\"event\",\"type\":\"complex\"}],\"kind\":\"Event\",\"name\":\"EventSelector\"}]},{\"id\":\"c47851a2-34d3-402e-9c20-32896fb8af1a\",\"name\":\"EventDetectStep\",\"rows\":[{\"arguments\":[],\"kind\":\"OnEveryValue\",\"name\":\"OnEveryValue\"}]},{\"id\":\"7c4dc90a-e098-441c-9700-c799c384cd50\",\"name\":\"ActStep\",\"rows\":[{\"kind\":\"FabricItemInvocation\",\"name\":\"FabricItemBinding\",\"arguments\":[{\"name\":\"workspaceId\",\"type\":\"string\",\"value\":\"33535eb8-4d07-49bc-b3a5-cc91d3aa6ced\"},{\"name\":\"itemId\",\"type\":\"string\",\"value\":\"6d0547b2-7e12-47ef-a76a-5608a56e46e9\"},{\"name\":\"itemType\",\"type\":\"string\",\"value\":\"Pipeline\"},{\"name\":\"jobType\",\"type\":\"string\",\"value\":\"Pipeline\"},{\"name\":\"fabricJobConnectionDocumentId\",\"type\":\"string\",\"value\":\"80c926d0-bb58-4196-85f8-e83aa921977e\"},{\"name\":\"parameters\",\"type\":\"array\",\"values\":[{\"arguments\":[{\"name\":\"parameterName\",\"type\":\"string\",\"value\":\"Type\"},{\"name\":\"parameterValue\",\"type\":\"complexArray\",\"values\":[{\"arguments\":[{\"name\":\"fieldName\",\"type\":\"string\",\"value\":\"___type\"}],\"kind\":\"EventFieldReference\",\"type\":\"complexReference\"}]},{\"name\":\"parameterType\",\"type\":\"string\",\"value\":\"String\"}],\"kind\":\"FabricItemParameter\",\"type\":\"complex\"},{\"arguments\":[{\"name\":\"parameterName\",\"type\":\"string\",\"value\":\"Subject\"},{\"name\":\"parameterValue\",\"type\":\"complexArray\",\"values\":[{\"arguments\":[{\"name\":\"fieldName\",\"type\":\"string\",\"value\":\"___subject\"}],\"kind\":\"EventFieldReference\",\"type\":\"complexReference\"}]},{\"name\":\"parameterType\",\"type\":\"string\",\"value\":\"String\"}],\"kind\":\"FabricItemParameter\",\"type\":\"complex\"},{\"arguments\":[{\"name\":\"parameterName\",\"type\":\"string\",\"value\":\"Source\"},{\"name\":\"parameterValue\",\"type\":\"complexArray\",\"values\":[{\"arguments\":[{\"name\":\"fieldName\",\"type\":\"string\",\"value\":\"___source\"}],\"kind\":\"EventFieldReference\",\"type\":\"complexReference\"}]},{\"name\":\"parameterType\",\"type\":\"string\",\"value\":\"String\"}],\"kind\":\"FabricItemParameter\",\"type\":\"complex\"}]},{\"name\":\"additionalInformation\",\"type\":\"array\",\"values\":[]}]}]}],\"templateId\":\"EventTrigger\",\"templateVersion\":\"1.2.3\"}",
        "settings": {
          "shouldRun": true,
          "shouldApplyRuleOnUpdate": false
        }
      }
    },
    "type": "timeSeriesView-v1"
  }
]