{
  "$schema": "https://developer.microsoft.com/json-schemas/fabric/item/report/definition/report/3.0.0/schema.json",
  "themeCollection": {
    "baseTheme": {
      "name": "CY24SU10",
      "reportVersionAtImport": {
        "visual": "1.8.99",
        "report": "2.0.99",
        "page": "1.3.99"
      },
      "type": "SharedResources"
    },
    "customTheme": {
      "name": "AccessibleTidal",
      "reportVersionAtImport": {
        "visual": "1.8.99",
        "report": "2.0.99",
        "page": "1.3.99"
      },
      "type": "SharedResources"
    }
  },
  "objects": {
    "section": [
      {
        "properties": {
          "verticalAlignment": {
            "expr": {
              "Literal": {
                "Value": "'Top'"
              }
            }
          }
        }
      }
    ],
    "outspacePane": [
      {
        "properties": {
          "expanded": {
            "expr": {
              "Literal": {
                "Value": "true"
              }
            }
          },
          "visible": {
            "expr": {
              "Literal": {
                "Value": "false"
              }
            }
          }
        }
      }
    ]
  },
  "resourcePackages": [
    {
      "name": "SharedResources",
      "type": "SharedResources",
      "items": [
        {
          "name": "AccessibleTidal",
          "path": "BuiltInThemes/AccessibleTidal.json",
          "type": "CustomTheme"
        },
        {
          "name": "CY24SU10",
          "path": "BaseThemes/CY24SU10.json",
          "type": "BaseTheme"
        }
      ]
    }
  ],
  "settings": {
    "useStylableVisualContainerHeader": true,
    "exportDataMode": "AllowSummarized",
    "defaultDrillFilterOtherVisuals": true,
    "allowChangeFilterTypes": true,
    "useEnhancedTooltips": true,
    "useDefaultAggregateDisplayName": true
  }
}