{
  "sources": [
    {
      "id": "d5dcbefc-caf1-4e39-a523-2dc4d7065500",
      "name": "EventLinks",
      "type": "AzureBlobStorageEvents",
      "properties": {
        "azureBlobStorageEvents": [
          {
            "id": "1b1a63d8-1eb2-421b-8b27-2e7e087a2862",
            "azureResourceId": "/subscriptions/e58caacc-5472-49a5-96fd-dc6b0c0b0494/resourceGroups/rg-datascience-prod/providers/Microsoft.Storage/storageAccounts/stprowrkspc6ex",
            "includedEventTypes": [
              "Microsoft.Storage.BlobCreated"
            ]
          }
        ],
        "streamEvents": true
      }
    }
  ],
  "destinations": [],
  "streams": [
    {
      "id": "ce52924d-b51e-4be3-aaab-caae22680bda",
      "name": "new_event_stream-stream",
      "type": "DefaultStream",
      "properties": {},
      "inputNodes": []
    }
  ],
  "operators": [],
  "compatibilityLevel": "1.0"
}