{
  "properties": {
    "activities": [
      {
        "type": "Lookup",
        "typeProperties": {
          "source": {
            "type": "DataWarehouseSource",
            "sqlReaderStoredProcedureName": "[etl].[GetFileTaskInfo]",
            "storedProcedureParameters": {
              "CustomSourceFileName": {
                "type": "String",
                "value": {
                  "value": "@pipeline().parameters.CustomSourceFileName",
                  "type": "Expression"
                }
              },
              "TaskAuditKey": {
                "type": "Int64",
                "value": {
                  "value": "@pipeline().parameters.TaskAuditKey",
                  "type": "Expression"
                }
              }
            },
            "partitionOption": "None",
            "queryTimeout": "02:00:00"
          },
          "datasetSettings": {
            "type": "DataWarehouseTable",
            "schema": [],
            "linkedService": {
              "name": "etlControl",
              "properties": {
                "type": "DataWarehouse",
                "typeProperties": {
                  "artifactId": "95db441c-1821-4183-bb87-3c23cd7a9253",
                  "endpoint": "ocjf6obnn2vujauxalhsb7ixzy-xbpfgmyhjw6etm5fzsi5hktm5u.datawarehouse.fabric.microsoft.com",
                  "workspaceId": "33535eb8-4d07-49bc-b3a5-cc91d3aa6ced"
                },
                "annotations": []
              }
            },
            "annotations": []
          }
        },
        "policy": {
          "timeout": "0.12:00:00",
          "retry": 0,
          "retryIntervalInSeconds": 30,
          "secureInput": false,
          "secureOutput": false
        },
        "name": "GetFileTaskInfo",
        "description": "GetFileTaskInfo",
        "dependsOn": []
      },
      {
        "type": "ForEach",
        "typeProperties": {
          "items": {
            "value": "@split(activity('GetFileTaskInfo').output.firstRow.SheetIndexArray, ',')",
            "type": "Expression"
          },
          "activities": [
            {
              "type": "IfCondition",
              "typeProperties": {
                "expression": {
                  "value": "@and(\n    not(empty(concat(activity('GetFileTaskInfo').output.firstRow.RawStoragePath, '/', activity('GetFileTaskInfo').output.firstRow.RawStorageFilename))),\n    not(equals(concat(activity('GetFileTaskInfo').output.firstRow.RawStoragePath, '/', activity('GetFileTaskInfo').output.firstRow.RawStorageFilename), ''))\n)\n",
                  "type": "Expression"
                },
                "ifTrueActivities": [
                  {
                    "type": "Copy",
                    "typeProperties": {
                      "source": {
                        "type": "DelimitedTextSource",
                        "formatSettings": {
                          "type": "DelimitedTextReadSettings"
                        },
                        "storeSettings": {
                          "type": "LakehouseReadSettings",
                          "recursive": true,
                          "wildcardFolderPath": {
                            "value": "@activity('GetFileTaskInfo').output.firstRow.SourceWildcardFolderPath",
                            "type": "Expression"
                          },
                          "wildcardFileName": {
                            "value": "@activity('GetFileTaskInfo').output.firstRow.SourceWildcardFileName",
                            "type": "Expression"
                          },
                          "enablePartitionDiscovery": false
                        },
                        "datasetSettings": {
                          "type": "DelimitedText",
                          "typeProperties": {
                            "location": {
                              "type": "LakehouseLocation"
                            },
                            "columnDelimiter": {
                              "value": "@variables('Delimiter')",
                              "type": "Expression"
                            },
                            "quoteChar": "\"",
                            "escapeChar": "\\",
                            "firstRowAsHeader": true
                          },
                          "schema": [],
                          "linkedService": {
                            "name": "lh_raw",
                            "properties": {
                              "type": "Lakehouse",
                              "typeProperties": {
                                "artifactId": "920a12cc-7104-4013-a2a3-d7baa57e9e3f",
                                "workspaceId": "33535eb8-4d07-49bc-b3a5-cc91d3aa6ced",
                                "rootFolder": "Files"
                              },
                              "annotations": []
                            }
                          },
                          "annotations": []
                        }
                      },
                      "sink": {
                        "type": "DelimitedTextSink",
                        "formatSettings": {
                          "type": "DelimitedTextWriteSettings",
                          "quoteAllText": true,
                          "fileExtension": ".txt"
                        },
                        "storeSettings": {
                          "type": "LakehouseWriteSettings"
                        },
                        "datasetSettings": {
                          "type": "DelimitedText",
                          "typeProperties": {
                            "location": {
                              "type": "LakehouseLocation",
                              "folderPath": {
                                "value": "@concat('Archive/', formatDateTime(utcnow(), 'yyyy'), '/', formatDateTime(utcnow(), 'MM'), '/', formatDateTime(utcnow(), 'dd'),'/',activity('GetFileTaskInfo').output.firstRow.RawStorageFileName)\n",
                                "type": "Expression"
                              }
                            },
                            "columnDelimiter": {
                              "value": "@variables('Delimiter')",
                              "type": "Expression"
                            },
                            "quoteChar": "\"",
                            "escapeChar": "\\",
                            "firstRowAsHeader": true
                          },
                          "schema": [],
                          "linkedService": {
                            "name": "lh_raw",
                            "properties": {
                              "type": "Lakehouse",
                              "typeProperties": {
                                "artifactId": "920a12cc-7104-4013-a2a3-d7baa57e9e3f",
                                "workspaceId": "33535eb8-4d07-49bc-b3a5-cc91d3aa6ced",
                                "rootFolder": "Files"
                              },
                              "annotations": []
                            }
                          },
                          "annotations": []
                        }
                      },
                      "translator": {
                        "type": "TabularTranslator",
                        "typeConversion": true,
                        "typeConversionSettings": {
                          "allowDataTruncation": true,
                          "treatBooleanAsNumber": false
                        }
                      },
                      "enableStaging": false
                    },
                    "policy": {
                      "timeout": "0.12:00:00",
                      "retry": 0,
                      "retryIntervalInSeconds": 30,
                      "secureInput": false,
                      "secureOutput": false
                    },
                    "name": "ArchiveData",
                    "state": "Inactive",
                    "onInactiveMarkAs": "Succeeded",
                    "dependsOn": [
                      {
                        "activity": "CopyData_ExcelRawToBronze",
                        "dependencyConditions": [
                          "Succeeded"
                        ]
                      }
                    ]
                  },
                  {
                    "type": "Copy",
                    "typeProperties": {
                      "source": {
                        "type": "ExcelSource",
                        "additionalColumns": [
                          {
                            "name": "FileName",
                            "value": "$$FILENAME"
                          }
                        ],
                        "storeSettings": {
                          "type": "LakehouseReadSettings",
                          "recursive": true,
                          "wildcardFolderPath": {
                            "value": "@activity('GetFileTaskInfo').output.firstRow.SourceWildcardFolderPath",
                            "type": "Expression"
                          },
                          "wildcardFileName": {
                            "value": "@activity('GetFileTaskInfo').output.firstRow.SourceWildcardFileName",
                            "type": "Expression"
                          },
                          "enablePartitionDiscovery": false
                        },
                        "datasetSettings": {
                          "type": "Excel",
                          "typeProperties": {
                            "location": {
                              "type": "LakehouseLocation"
                            },
                            "sheetIndex": {
                              "value": "@item()",
                              "type": "Expression"
                            },
                            "firstRowAsHeader": true
                          },
                          "schema": [],
                          "linkedService": {
                            "name": "lh_raw",
                            "properties": {
                              "type": "Lakehouse",
                              "typeProperties": {
                                "artifactId": "a57e9e3f-d7ba-a2a3-4013-7104920a12cc",
                                "workspaceId": "00000000-0000-0000-0000-000000000000",
                                "rootFolder": "Files"
                              },
                              "annotations": []
                            }
                          },
                          "annotations": []
                        }
                      },
                      "sink": {
                        "type": "ParquetSink",
                        "formatSettings": {
                          "type": "ParquetWriteSettings",
                          "enableVertiParquet": true
                        },
                        "storeSettings": {
                          "type": "LakehouseWriteSettings",
                          "copyBehavior": "MergeFiles"
                        },
                        "datasetSettings": {
                          "type": "Parquet",
                          "typeProperties": {
                            "location": {
                              "type": "LakehouseLocation",
                              "folderPath": {
                                "value": "@concat(activity('GetFileTaskInfo').output.firstRow.RawStoragePath, '/', activity('GetFileTaskInfo').output.firstRow.RawStorageFilename)",
                                "type": "Expression"
                              }
                            },
                            "compressionCodec": "snappy"
                          },
                          "schema": [],
                          "linkedService": {
                            "name": "lh_raw",
                            "properties": {
                              "type": "Lakehouse",
                              "typeProperties": {
                                "artifactId": "a57e9e3f-d7ba-a2a3-4013-7104920a12cc",
                                "workspaceId": "00000000-0000-0000-0000-000000000000",
                                "rootFolder": "Files"
                              },
                              "annotations": []
                            }
                          },
                          "annotations": []
                        }
                      },
                      "translator": {
                        "type": "TabularTranslator",
                        "typeConversion": true,
                        "typeConversionSettings": {
                          "allowDataTruncation": true,
                          "treatBooleanAsNumber": false
                        }
                      },
                      "enableStaging": false
                    },
                    "policy": {
                      "timeout": "0.12:00:00",
                      "retry": 0,
                      "retryIntervalInSeconds": 30,
                      "secureInput": false,
                      "secureOutput": false
                    },
                    "name": "CopyData_ExcelRawToBronze",
                    "description": "Loads the first sheet of an excel file",
                    "dependsOn": [
                      {
                        "activity": "Clear Raw Folder",
                        "dependencyConditions": [
                          "Succeeded"
                        ]
                      }
                    ]
                  },
                  {
                    "type": "Delete",
                    "typeProperties": {
                      "enableLogging": false,
                      "datasetSettings": {
                        "type": "Binary",
                        "typeProperties": {
                          "location": {
                            "type": "LakehouseLocation",
                            "folderPath": {
                              "value": "@concat(activity('GetFileTaskInfo').output.firstRow.RawStoragePath, '/', activity('GetFileTaskInfo').output.firstRow.RawStorageFilename)",
                              "type": "Expression"
                            }
                          }
                        },
                        "linkedService": {
                          "name": "lh_raw",
                          "properties": {
                            "type": "Lakehouse",
                            "typeProperties": {
                              "artifactId": "a57e9e3f-d7ba-a2a3-4013-7104920a12cc",
                              "workspaceId": "00000000-0000-0000-0000-000000000000",
                              "rootFolder": "Files"
                            },
                            "annotations": []
                          }
                        },
                        "annotations": []
                      },
                      "storeSettings": {
                        "type": "LakehouseReadSettings",
                        "recursive": true,
                        "enablePartitionDiscovery": false
                      }
                    },
                    "policy": {
                      "timeout": "0.12:00:00",
                      "retry": 0,
                      "retryIntervalInSeconds": 30,
                      "secureInput": false,
                      "secureOutput": false
                    },
                    "name": "Clear Raw Folder",
                    "description": "This will clear the staging destination of the parquet files",
                    "dependsOn": []
                  }
                ],
                "ifFalseActivities": []
              },
              "name": "If Condition1",
              "dependsOn": []
            }
          ]
        },
        "name": "ForEachIndex",
        "dependsOn": [
          {
            "activity": "GetFileTaskInfo",
            "dependencyConditions": [
              "Succeeded"
            ]
          }
        ]
      }
    ],
    "parameters": {
      "TaskAuditKey": {
        "type": "string"
      },
      "ETLLoadDateTime": {
        "type": "string"
      },
      "TaskKey": {
        "type": "string"
      },
      "CustomSourceFileName": {
        "type": "string"
      }
    },
    "libraryVariables": {
      "rawlhid": {
        "type": "String",
        "variableName": "RawLakehouseID",
        "libraryName": "Environment"
      },
      "workspaceid": {
        "type": "String",
        "variableName": "WorkspaceID",
        "libraryName": "Environment"
      },
      "bronzelhid": {
        "type": "String",
        "variableName": "BronzeLakehouseID",
        "libraryName": "Environment"
      }
    },
    "variables": {
      "Delimiter": {
        "type": "String"
      }
    }
  }
}