{
  "properties": {
    "activities": [
      {
        "type": "ExecutePipeline",
        "typeProperties": {
          "pipeline": {
            "referenceName": "ad5a99c8-d9e9-becf-4a6d-a582015ba66f",
            "type": "PipelineReference"
          },
          "parameters": {
            "JobName": "SolovisReconFileIngestion",
            "CustomSourceFileName": {
              "value": "@pipeline()?.TriggerEvent?.FileName",
              "type": "Expression"
            }
          },
          "waitOnCompletion": true
        },
        "policy": {
          "secureInput": false
        },
        "name": "InvokeMasterPipelinewithCustomfilename",
        "dependsOn": []
      },
      {
        "type": "ExecutePipeline",
        "typeProperties": {
          "pipeline": {
            "referenceName": "ad5a99c8-d9e9-becf-4a6d-a582015ba66f",
            "type": "PipelineReference"
          },
          "parameters": {
            "JobName": "SolovisReconSilver"
          },
          "waitOnCompletion": true
        },
        "policy": {
          "secureInput": false
        },
        "name": "InvokeMasterPipelineSolovisReconSilver",
        "dependsOn": [
          {
            "activity": "InvokeMasterPipelinewithCustomfilename",
            "dependencyConditions": [
              "Succeeded"
            ]
          }
        ]
      }
    ]
  }
}