{
  "$schema": "https://developer.microsoft.com/json-schemas/fabric/item/report/definition/visualContainer/2.2.0/schema.json",
  "name": "c980d4b0e323c364b17b",
  "position": {
    "x": 1041.7021276595744,
    "y": 4.86322188449848,
    "z": 5000,
    "height": 62.249240121580549,
    "width": 238.29787234042556,
    "tabOrder": 2000
  },
  "visual": {
    "visualType": "slicer",
    "query": {
      "queryState": {
        "Values": {
          "projections": [
            {
              "field": {
                "Column": {
                  "Expression": {
                    "SourceRef": {
                      "Entity": "sys_dq_metrics"
                    }
                  },
                  "Property": "RefreshDate"
                }
              },
              "queryRef": "sys_dq_metrics.RefreshDate",
              "nativeQueryRef": "RefreshDate",
              "active": true
            }
          ]
        }
      },
      "sortDefinition": {
        "sort": [
          {
            "field": {
              "Column": {
                "Expression": {
                  "SourceRef": {
                    "Entity": "sys_dq_metrics"
                  }
                },
                "Property": "RefreshDate"
              }
            },
            "direction": "Ascending"
          }
        ],
        "isDefaultSort": true
      }
    },
    "objects": {
      "data": [
        {
          "properties": {
            "mode": {
              "expr": {
                "Literal": {
                  "Value": "'Relative'"
                }
              }
            },
            "relativeRange": {
              "expr": {
                "Literal": {
                  "Value": "'Last'"
                }
              }
            },
            "relativeDuration": {
              "expr": {
                "Literal": {
                  "Value": "30D"
                }
              }
            },
            "relativePeriod": {
              "expr": {
                "Literal": {
                  "Value": "'Days'"
                }
              }
            }
          }
        }
      ],
      "selection": [
        {
          "properties": {
            "singleSelect": {
              "expr": {
                "Literal": {
                  "Value": "true"
                }
              }
            }
          }
        }
      ],
      "general": [
        {
          "properties": {
            "filter": {
              "filter": {
                "Version": 2,
                "From": [
                  {
                    "Name": "s1",
                    "Entity": "sys_dq_metrics",
                    "Type": 0
                  }
                ],
                "Where": [
                  {
                    "Condition": {
                      "Between": {
                        "Expression": {
                          "Column": {
                            "Expression": {
                              "SourceRef": {
                                "Source": "s1"
                              }
                            },
                            "Property": "RefreshDate"
                          }
                        },
                        "LowerBound": {
                          "DateSpan": {
                            "Expression": {
                              "DateAdd": {
                                "Expression": {
                                  "DateAdd": {
                                    "Expression": {
                                      "Now": {}
                                    },
                                    "Amount": 1,
                                    "TimeUnit": 0
                                  }
                                },
                                "Amount": -30,
                                "TimeUnit": 0
                              }
                            },
                            "TimeUnit": 0
                          }
                        },
                        "UpperBound": {
                          "DateSpan": {
                            "Expression": {
                              "Now": {}
                            },
                            "TimeUnit": 0
                          }
                        }
                      }
                    }
                  }
                ]
              }
            }
          }
        }
      ],
      "header": [
        {
          "properties": {
            "text": {
              "expr": {
                "Literal": {
                  "Value": "'Select Relative Date'"
                }
              }
            },
            "fontFamily": {
              "expr": {
                "Literal": {
                  "Value": "'''Segoe UI'', wf_segoe-ui_normal, helvetica, arial, sans-serif'"
                }
              }
            },
            "textSize": {
              "expr": {
                "Literal": {
                  "Value": "10D"
                }
              }
            },
            "italic": {
              "expr": {
                "Literal": {
                  "Value": "true"
                }
              }
            },
            "fontColor": {
              "solid": {
                "color": {
                  "expr": {
                    "ThemeDataColor": {
                      "ColorId": 2,
                      "Percent": 0
                    }
                  }
                }
              }
            }
          }
        }
      ],
      "dateRange": [
        {
          "properties": {
            "includeToday": {
              "expr": {
                "Literal": {
                  "Value": "true"
                }
              }
            }
          }
        }
      ]
    },
    "visualContainerObjects": {
      "background": [
        {
          "properties": {
            "show": {
              "expr": {
                "Literal": {
                  "Value": "false"
                }
              }
            }
          }
        }
      ],
      "padding": [
        {
          "properties": {
            "left": {
              "expr": {
                "Literal": {
                  "Value": "5D"
                }
              }
            }
          }
        }
      ],
      "general": [
        {
          "properties": {
            "keepLayerOrder": {
              "expr": {
                "Literal": {
                  "Value": "true"
                }
              }
            }
          }
        }
      ],
      "visualHeader": [
        {
          "properties": {
            "show": {
              "expr": {
                "Literal": {
                  "Value": "false"
                }
              }
            }
          }
        }
      ]
    },
    "drillFilterOtherVisuals": true
  }
}