{
  "properties": {
    "activities": [
      {
        "type": "TridentNotebook",
        "typeProperties": {
          "notebookId": "46b33c7c-081f-9027-49fe-931a321e6ffa",
          "workspaceId": "00000000-0000-0000-0000-000000000000",
          "parameters": {
            "TaskKey": {
              "value": {
                "value": "@pipeline().parameters.TaskKey",
                "type": "Expression"
              },
              "type": "int"
            },
            "TaskList": {
              "value": {
                "value": "@pipeline().parameters.TaskList",
                "type": "Expression"
              },
              "type": "string"
            },
            "BronzeLhId": {
              "value": {
                "value": "@pipeline().libraryVariables.bronzelhid",
                "type": "Expression"
              },
              "type": "string"
            },
            "RawLhId": {
              "value": {
                "value": "@pipeline().libraryVariables.rawlhid",
                "type": "Expression"
              },
              "type": "string"
            },
            "WorkspaceId": {
              "value": {
                "value": "@pipeline().libraryVariables.workspaceid",
                "type": "Expression"
              },
              "type": "string"
            }
          },
          "sessionTag": {
            "value": "HCSession",
            "type": "Expression"
          }
        },
        "policy": {
          "timeout": "0.12:00:00",
          "retry": 0,
          "retryIntervalInSeconds": 30,
          "secureInput": false,
          "secureOutput": false
        },
        "name": "RunTaskNotebook",
        "dependsOn": []
      },
      {
        "type": "SetVariable",
        "typeProperties": {
          "variableName": "pipelineReturnValue",
          "value": [
            {
              "key": "RowsCopied",
              "value": {
                "type": "Expression",
                "content": "@int(json(activity('RunTaskNotebook').output.result.exitValue).RowsCopied)"
              }
            },
            {
              "key": "RowsInserted",
              "value": {
                "type": "Expression",
                "content": "@int(json(activity('RunTaskNotebook').output.result.exitValue).RowsCopied)"
              }
            },
            {
              "key": "RowsUpdated",
              "value": {
                "type": "Null"
              }
            },
            {
              "key": "RowsDeleted",
              "value": {
                "type": "Null"
              }
            }
          ],
          "setSystemVariable": true
        },
        "policy": {
          "secureInput": false,
          "secureOutput": false
        },
        "name": "PipelineReturnValueRowsCopied",
        "dependsOn": [
          {
            "activity": "RunTaskNotebook",
            "dependencyConditions": [
              "Succeeded"
            ]
          },
          {
            "activity": "CopyRawToBronze",
            "dependencyConditions": [
              "Succeeded"
            ]
          }
        ]
      },
      {
        "type": "ExecutePipeline",
        "typeProperties": {
          "pipeline": {
            "referenceName": "d27342c0-58ae-b5f6-44da-7109b0b8bc03",
            "type": "PipelineReference"
          },
          "parameters": {
            "TaskAuditKey": {
              "value": "@pipeline().parameters.TaskAuditKey",
              "type": "Expression"
            },
            "ErrorMessage": {
              "value": "@if(variables('varRawToBronzeSparkUrlExists'),\nconcat(\n    'Notebook Error: '\n    , activity('RunTaskNotebook').output.result.error.ename\n    , ' - '\n    , activity('RunTaskNotebook').output.result.error.evalue\n    , ' | Notebook run URL: https://app.powerbi.com/'\n    , activity('RunTaskNotebook').output.SparkMonitoringURL\n),\nactivity('RunTaskNotebook').Error.message)",
              "type": "Expression"
            }
          },
          "waitOnCompletion": true
        },
        "policy": {
          "secureInput": false
        },
        "name": "pl_fail_task_RawToBronze",
        "dependsOn": [
          {
            "activity": "SetRawToBronzeSparkUrlExists",
            "dependencyConditions": [
              "Succeeded"
            ]
          }
        ]
      },
      {
        "type": "SetVariable",
        "typeProperties": {
          "variableName": "varRawToBronzeSparkUrlExists",
          "value": {
            "value": "@contains(activity('RunTaskNotebook').output,'SparkMonitoringURL')",
            "type": "Expression"
          }
        },
        "policy": {
          "secureInput": false,
          "secureOutput": false
        },
        "name": "SetRawToBronzeSparkUrlExists",
        "dependsOn": [
          {
            "activity": "RunTaskNotebook",
            "dependencyConditions": [
              "Failed"
            ]
          },
          {
            "activity": "CopyRawToBronze",
            "dependencyConditions": [
              "Failed"
            ]
          }
        ]
      },
      {
        "type": "Copy",
        "typeProperties": {
          "source": {
            "type": "ParquetSource",
            "additionalColumns": [
              {
                "name": "ETLLoadDateTime",
                "value": {
                  "value": "@utcNow('yyyy-MM-ddTHH:mm:ssZ')",
                  "type": "Expression"
                }
              }
            ],
            "storeSettings": {
              "type": "LakehouseReadSettings",
              "recursive": true,
              "wildcardFolderPath": {
                "value": "@json(pipeline().parameters.TaskList).RawStoragePath",
                "type": "Expression"
              },
              "wildcardFileName": {
                "value": "@concat(json(pipeline().parameters.TaskList).RawStorageFileName,'.parquet')",
                "type": "Expression"
              },
              "enablePartitionDiscovery": false
            },
            "formatSettings": {
              "type": "ParquetReadSettings"
            },
            "datasetSettings": {
              "type": "Parquet",
              "typeProperties": {
                "location": {
                  "type": "LakehouseLocation"
                },
                "compressionCodec": "snappy"
              },
              "schema": [],
              "linkedService": {
                "name": "lh_raw",
                "properties": {
                  "type": "Lakehouse",
                  "typeProperties": {
                    "artifactId": "920a12cc-7104-4013-a2a3-d7baa57e9e3f",
                    "workspaceId": "33535eb8-4d07-49bc-b3a5-cc91d3aa6ced",
                    "rootFolder": "Files"
                  },
                  "annotations": []
                }
              },
              "annotations": []
            }
          },
          "sink": {
            "type": "LakehouseTableSink",
            "tableActionOption": {
              "value": "@if(\n  equals(toLower(trim(json(pipeline().parameters.TaskList).SinkLoadMethod)), 'append'),\n  'Append',\n  if(\n    equals(toLower(trim(json(pipeline().parameters.TaskList).SinkLoadMethod)), 'overwrite'),\n    'Overwrite',\n    if(\n      or(\n        equals(toLower(trim(json(pipeline().parameters.TaskList).SinkLoadMethod)), 'merge'),\n        equals(toLower(trim(json(pipeline().parameters.TaskList).SinkLoadMethod)), 'upsert')\n      ),\n      'Upsert',\n      trim(json(pipeline().parameters.TaskList).SinkLoadMethod)\n    )\n  )\n)\n",
              "type": "Expression"
            },
            "upsertSettings": {
              "keys": {
                "value": "@json(pipeline().parameters.TaskList).PrimaryKeyColumnList",
                "type": "Expression"
              }
            },
            "partitionOption": "None",
            "applyVOrder": true,
            "datasetSettings": {
              "type": "LakehouseTable",
              "typeProperties": {
                "schema": {
                  "value": "@json(pipeline().parameters.TaskList).SinkSchemaName",
                  "type": "Expression"
                },
                "table": {
                  "value": "@json(pipeline().parameters.TaskList).SinkTableName",
                  "type": "Expression"
                }
              },
              "schema": [],
              "linkedService": {
                "name": "lh_bronze",
                "properties": {
                  "type": "Lakehouse",
                  "typeProperties": {
                    "artifactId": "13ef97da-5da2-466d-8c5f-2a70572c6558",
                    "workspaceId": "33535eb8-4d07-49bc-b3a5-cc91d3aa6ced",
                    "rootFolder": "Tables"
                  },
                  "annotations": []
                }
              },
              "annotations": []
            }
          },
          "translator": {
            "type": "TabularTranslator",
            "typeConversion": true,
            "typeConversionSettings": {
              "allowDataTruncation": true,
              "treatBooleanAsNumber": false
            }
          },
          "enableStaging": false
        },
        "policy": {
          "timeout": "0.12:00:00",
          "retry": 0,
          "retryIntervalInSeconds": 30,
          "secureInput": false,
          "secureOutput": false
        },
        "name": "CopyRawToBronze",
        "state": "Inactive",
        "onInactiveMarkAs": "Succeeded",
        "dependsOn": []
      },
      {
        "type": "Until",
        "typeProperties": {
          "expression": {
            "value": "@equals(variables('CopyStatus'), true)",
            "type": "Expression"
          },
          "timeout": "0.12:00:00",
          "activities": [
            {
              "type": "Copy",
              "typeProperties": {
                "source": {
                  "type": "ParquetSource",
                  "additionalColumns": [
                    {
                      "name": "ETLLoadDateTime",
                      "value": {
                        "value": "@utcNow('yyyy-MM-ddTHH:mm:ssZ')",
                        "type": "Expression"
                      }
                    }
                  ],
                  "storeSettings": {
                    "type": "LakehouseReadSettings",
                    "recursive": true,
                    "wildcardFolderPath": {
                      "value": "@json(pipeline().parameters.TaskList).RawStoragePath",
                      "type": "Expression"
                    },
                    "wildcardFileName": {
                      "value": "@concat(json(pipeline().parameters.TaskList).RawStorageFileName,'.parquet')",
                      "type": "Expression"
                    },
                    "enablePartitionDiscovery": false
                  },
                  "formatSettings": {
                    "type": "ParquetReadSettings"
                  },
                  "datasetSettings": {
                    "type": "Parquet",
                    "typeProperties": {
                      "location": {
                        "type": "LakehouseLocation"
                      },
                      "compressionCodec": "snappy"
                    },
                    "schema": [],
                    "linkedService": {
                      "name": "lh_raw",
                      "properties": {
                        "type": "Lakehouse",
                        "typeProperties": {
                          "artifactId": "920a12cc-7104-4013-a2a3-d7baa57e9e3f",
                          "workspaceId": "33535eb8-4d07-49bc-b3a5-cc91d3aa6ced",
                          "rootFolder": "Files"
                        },
                        "annotations": []
                      }
                    },
                    "annotations": []
                  }
                },
                "sink": {
                  "type": "LakehouseTableSink",
                  "tableActionOption": {
                    "value": "@if(\n  equals(toLower(trim(json(pipeline().parameters.TaskList).SinkLoadMethod)), 'append'),\n  'Append',\n  if(\n    equals(toLower(trim(json(pipeline().parameters.TaskList).SinkLoadMethod)), 'overwrite'),\n    'Overwrite',\n    if(\n      or(\n        equals(toLower(trim(json(pipeline().parameters.TaskList).SinkLoadMethod)), 'merge'),\n        equals(toLower(trim(json(pipeline().parameters.TaskList).SinkLoadMethod)), 'upsert')\n      ),\n      'Upsert',\n      trim(json(pipeline().parameters.TaskList).SinkLoadMethod)\n    )\n  )\n)\n",
                    "type": "Expression"
                  },
                  "upsertSettings": {
                    "keys": {
                      "value": "@json(pipeline().parameters.TaskList).PrimaryKeyColumnList",
                      "type": "Expression"
                    }
                  },
                  "partitionOption": "None",
                  "applyVOrder": true,
                  "datasetSettings": {
                    "type": "LakehouseTable",
                    "typeProperties": {
                      "schema": {
                        "value": "@json(pipeline().parameters.TaskList).SinkSchemaName",
                        "type": "Expression"
                      },
                      "table": {
                        "value": "@json(pipeline().parameters.TaskList).SinkTableName",
                        "type": "Expression"
                      }
                    },
                    "schema": [],
                    "linkedService": {
                      "name": "lh_bronze",
                      "properties": {
                        "type": "Lakehouse",
                        "typeProperties": {
                          "artifactId": "13ef97da-5da2-466d-8c5f-2a70572c6558",
                          "workspaceId": "33535eb8-4d07-49bc-b3a5-cc91d3aa6ced",
                          "rootFolder": "Tables"
                        },
                        "annotations": []
                      }
                    },
                    "annotations": []
                  }
                },
                "translator": {
                  "type": "TabularTranslator",
                  "typeConversion": true,
                  "typeConversionSettings": {
                    "allowDataTruncation": true,
                    "treatBooleanAsNumber": false
                  }
                },
                "enableStaging": false
              },
              "policy": {
                "timeout": "0.12:00:00",
                "retry": 0,
                "retryIntervalInSeconds": 30,
                "secureInput": false,
                "secureOutput": false
              },
              "name": "CopyRawToBronzeParquet",
              "state": "Inactive",
              "onInactiveMarkAs": "Succeeded",
              "dependsOn": []
            },
            {
              "type": "Copy",
              "typeProperties": {
                "source": {
                  "type": "ParquetSource",
                  "additionalColumns": [
                    {
                      "name": "ETLLoadDateTime",
                      "value": {
                        "value": "@utcNow('yyyy-MM-ddTHH:mm:ssZ')",
                        "type": "Expression"
                      }
                    }
                  ],
                  "storeSettings": {
                    "type": "LakehouseReadSettings",
                    "recursive": true,
                    "wildcardFolderPath": {
                      "value": "@concat(json(pipeline().parameters.TaskList).RawStoragePath,'/', json(pipeline().parameters.TaskList).RawStorageFileName)",
                      "type": "Expression"
                    },
                    "enablePartitionDiscovery": false
                  },
                  "formatSettings": {
                    "type": "ParquetReadSettings"
                  },
                  "datasetSettings": {
                    "type": "Parquet",
                    "typeProperties": {
                      "location": {
                        "type": "LakehouseLocation"
                      },
                      "compressionCodec": "snappy"
                    },
                    "schema": [],
                    "linkedService": {
                      "name": "lh_raw",
                      "properties": {
                        "type": "Lakehouse",
                        "typeProperties": {
                          "artifactId": "920a12cc-7104-4013-a2a3-d7baa57e9e3f",
                          "workspaceId": "33535eb8-4d07-49bc-b3a5-cc91d3aa6ced",
                          "rootFolder": "Files"
                        },
                        "annotations": []
                      }
                    },
                    "annotations": []
                  }
                },
                "sink": {
                  "type": "LakehouseTableSink",
                  "tableActionOption": {
                    "value": "@if(\n  equals(toLower(trim(json(pipeline().parameters.TaskList).SinkLoadMethod)), 'append'),\n  'Append',\n  if(\n    equals(toLower(trim(json(pipeline().parameters.TaskList).SinkLoadMethod)), 'overwrite'),\n    'Overwrite',\n    if(\n      or(\n        equals(toLower(trim(json(pipeline().parameters.TaskList).SinkLoadMethod)), 'merge'),\n        equals(toLower(trim(json(pipeline().parameters.TaskList).SinkLoadMethod)), 'upsert')\n      ),\n      'Upsert',\n      trim(json(pipeline().parameters.TaskList).SinkLoadMethod)\n    )\n  )\n)\n",
                    "type": "Expression"
                  },
                  "upsertSettings": {
                    "keys": {
                      "value": "@json(pipeline().parameters.TaskList).PrimaryKeyColumnList",
                      "type": "Expression"
                    }
                  },
                  "partitionOption": "None",
                  "applyVOrder": true,
                  "datasetSettings": {
                    "type": "LakehouseTable",
                    "typeProperties": {
                      "schema": {
                        "value": "@json(pipeline().parameters.TaskList).SinkSchemaName",
                        "type": "Expression"
                      },
                      "table": {
                        "value": "@json(pipeline().parameters.TaskList).SinkTableName",
                        "type": "Expression"
                      }
                    },
                    "schema": [],
                    "linkedService": {
                      "name": "lh_bronze",
                      "properties": {
                        "type": "Lakehouse",
                        "typeProperties": {
                          "artifactId": "13ef97da-5da2-466d-8c5f-2a70572c6558",
                          "workspaceId": "33535eb8-4d07-49bc-b3a5-cc91d3aa6ced",
                          "rootFolder": "Tables"
                        },
                        "annotations": []
                      }
                    },
                    "annotations": []
                  }
                },
                "translator": {
                  "type": "TabularTranslator",
                  "typeConversion": true,
                  "typeConversionSettings": {
                    "allowDataTruncation": true,
                    "treatBooleanAsNumber": false
                  }
                },
                "enableStaging": false
              },
              "policy": {
                "timeout": "0.12:00:00",
                "retry": 0,
                "retryIntervalInSeconds": 30,
                "secureInput": false,
                "secureOutput": false
              },
              "name": "CopyRawToBronzeFolder",
              "state": "Inactive",
              "onInactiveMarkAs": "Succeeded",
              "dependsOn": [
                {
                  "activity": "CopyRawToBronzeParquet",
                  "dependencyConditions": [
                    "Failed"
                  ]
                }
              ]
            },
            {
              "type": "SetVariable",
              "typeProperties": {
                "variableName": "CopyStatus",
                "value": "true"
              },
              "policy": {
                "secureInput": false,
                "secureOutput": false
              },
              "name": "SetCopyStatusAfterRun",
              "dependsOn": [
                {
                  "activity": "CopyRawToBronzeParquet",
                  "dependencyConditions": [
                    "Succeeded"
                  ]
                },
                {
                  "activity": "CopyRawToBronzeFolder",
                  "dependencyConditions": [
                    "Succeeded"
                  ]
                }
              ]
            }
          ]
        },
        "name": "UntilPossiblePathsAreTried",
        "state": "Inactive",
        "onInactiveMarkAs": "Succeeded",
        "dependsOn": [
          {
            "activity": "SetCopyStatus",
            "dependencyConditions": [
              "Succeeded"
            ]
          }
        ]
      },
      {
        "type": "SetVariable",
        "typeProperties": {
          "variableName": "CopyStatus",
          "value": "false"
        },
        "policy": {
          "secureInput": false,
          "secureOutput": false
        },
        "name": "SetCopyStatus",
        "state": "Inactive",
        "onInactiveMarkAs": "Succeeded",
        "dependsOn": []
      }
    ],
    "parameters": {
      "TaskAuditKey": {
        "type": "int"
      },
      "TaskKey": {
        "type": "string"
      },
      "TaskList": {
        "type": "string"
      }
    },
    "libraryVariables": {
      "rawlhid": {
        "type": "String",
        "variableName": "RawLakehouseID",
        "libraryName": "Environment"
      },
      "bronzelhid": {
        "type": "String",
        "variableName": "BronzeLakehouseID",
        "libraryName": "Environment"
      },
      "curatedlhid": {
        "type": "String",
        "variableName": "CuratedLakehouseID",
        "libraryName": "Environment"
      },
      "workspaceid": {
        "type": "String",
        "variableName": "WorkspaceID",
        "libraryName": "Environment"
      }
    },
    "variables": {
      "varRawToBronzeSparkUrlExists": {
        "type": "Boolean"
      },
      "CopyStatus": {
        "type": "String"
      }
    }
  }
}