{
  "properties": {
    "activities": [
      {
        "type": "Lookup",
        "typeProperties": {
          "source": {
            "type": "DataWarehouseSource",
            "sqlReaderStoredProcedureName": "[etl].[GetNotebookTaskInfo]",
            "storedProcedureParameters": {
              "TaskAuditKey": {
                "type": "Int64",
                "value": {
                  "value": "@pipeline().parameters.TaskAuditKey",
                  "type": "Expression"
                }
              }
            },
            "partitionOption": "None",
            "queryTimeout": "02:00:00"
          },
          "datasetSettings": {
            "type": "DataWarehouseTable",
            "schema": [],
            "linkedService": {
              "name": "etlControl",
              "properties": {
                "type": "DataWarehouse",
                "typeProperties": {
                  "artifactId": "95db441c-1821-4183-bb87-3c23cd7a9253",
                  "endpoint": "ocjf6obnn2vujauxalhsb7ixzy-xbpfgmyhjw6etm5fzsi5hktm5u.datawarehouse.fabric.microsoft.com",
                  "workspaceId": "33535eb8-4d07-49bc-b3a5-cc91d3aa6ced"
                },
                "annotations": []
              }
            },
            "annotations": []
          },
          "firstRowOnly": true
        },
        "policy": {
          "timeout": "0.12:00:00",
          "retry": 2,
          "retryIntervalInSeconds": 30,
          "secureInput": false,
          "secureOutput": false
        },
        "name": "GetTaskNotebookName",
        "description": "There can be one or more notebooks to execute for a given task. The primary notebook to run will be one to load Raw to Bronze and convert to Delta Lake. Other notebooks can perform other actions such as schematization, handle deletions, create Databricks delta tables or views.",
        "dependsOn": []
      },
      {
        "type": "TridentNotebook",
        "typeProperties": {
          "notebookId": "6ea3a663-3749-a909-4270-78e1a9bed208",
          "workspaceId": "00000000-0000-0000-0000-000000000000",
          "parameters": {
            "WorkspaceName": {
              "value": {
                "value": "@pipeline().libraryVariables.workspace_name",
                "type": "Expression"
              },
              "type": "string"
            },
            "NotebookName": {
              "value": {
                "value": "@activity('GetTaskNotebookName').output.firstRow.NotebookName",
                "type": "Expression"
              },
              "type": "string"
            },
            "LakehouseSinkName": {
              "value": {
                "value": "@activity('GetTaskNotebookName').output.firstRow.SinkLakehouseName",
                "type": "Expression"
              },
              "type": "string"
            },
            "BronzeLHId": {
              "value": {
                "value": "@pipeline().libraryVariables.bronze_lh_id",
                "type": "Expression"
              },
              "type": "string"
            },
            "CuratedLHId": {
              "value": {
                "value": "@pipeline().libraryVariables.curated_lh_id",
                "type": "Expression"
              },
              "type": "string"
            },
            "WorkspaceId": {
              "value": {
                "value": "@pipeline().libraryVariables.workspace_id",
                "type": "Expression"
              },
              "type": "string"
            },
            "TenantId": {
              "value": {
                "value": "@pipeline().libraryVariables.TenantId",
                "type": "Expression"
              },
              "type": "string"
            },
            "KeyVaultName": {
              "value": {
                "value": "@pipeline().libraryVariables.KeyVaultName",
                "type": "Expression"
              },
              "type": "string"
            },
            "ClientId": {
              "value": {
                "value": "@pipeline().libraryVariables.ClientId",
                "type": "Expression"
              },
              "type": "string"
            },
            "SecretName": {
              "value": {
                "value": "@pipeline().libraryVariables.SecretName",
                "type": "Expression"
              },
              "type": "string"
            },
            "TaskList": {
              "value": {
                "value": "@string(activity('GetTaskNotebookName').output.firstRow)",
                "type": "Expression"
              },
              "type": "string"
            }
          },
          "sessionTag": "HCSession"
        },
        "policy": {
          "timeout": "0.12:00:00",
          "retry": 0,
          "retryIntervalInSeconds": 30,
          "secureInput": false,
          "secureOutput": false
        },
        "name": "ConfigNotebook",
        "dependsOn": [
          {
            "activity": "GetTaskNotebookName",
            "dependencyConditions": [
              "Succeeded"
            ]
          }
        ]
      },
      {
        "type": "TridentNotebook",
        "typeProperties": {
          "notebookId": {
            "value": "@activity('ConfigNotebook').output.result.exitValue\n",
            "type": "Expression"
          },
          "workspaceId": "33535eb8-4d07-49bc-b3a5-cc91d3aa6ced",
          "parameters": {
            "WorkspaceId": {
              "value": {
                "value": "@pipeline().libraryVariables.workspace_id",
                "type": "Expression"
              },
              "type": "string"
            },
            "BronzeLHId": {
              "value": {
                "value": "@pipeline().libraryVariables.bronze_lh_id",
                "type": "Expression"
              },
              "type": "string"
            },
            "CuratedLHId": {
              "value": {
                "value": "@pipeline().libraryVariables.curated_lh_id",
                "type": "Expression"
              },
              "type": "string"
            },
            "TaskList": {
              "value": {
                "value": "@concat('[',string(activity('GetTaskNotebookName').output.firstRow),']')",
                "type": "Expression"
              },
              "type": "string"
            },
            "NotebookName": {
              "value": {
                "value": "@activity('GetTaskNotebookName').output.firstRow.NotebookName",
                "type": "Expression"
              },
              "type": "string"
            },
            "LakehouseName": {
              "value": {
                "value": "@activity('GetTaskNotebookName').output.firstRow.SinkLakehouseName",
                "type": "Expression"
              },
              "type": "string"
            },
            "RawLHId": {
              "value": {
                "value": "@pipeline().libraryVariables.raw_lh_id",
                "type": "Expression"
              },
              "type": "string"
            }
          },
          "sessionTag": "HCSession"
        },
        "policy": {
          "timeout": "0.12:00:00",
          "retry": 0,
          "retryIntervalInSeconds": 30,
          "secureInput": false,
          "secureOutput": false
        },
        "name": "RunNotebookName",
        "dependsOn": [
          {
            "activity": "ConfigNotebook",
            "dependencyConditions": [
              "Succeeded"
            ]
          }
        ]
      },
      {
        "type": "TridentNotebook",
        "typeProperties": {
          "notebookId": {
            "value": "{\n  \"NotebookKey\": 71,\n  \"NotebookName\": \"GroupRatingGold\"\n}.NotebookId",
            "type": "Expression"
          },
          "workspaceId": {
            "value": "@pipeline().DataFactory",
            "type": "Expression"
          }
        },
        "policy": {
          "timeout": "0.12:00:00",
          "retry": 0,
          "retryIntervalInSeconds": 30,
          "secureInput": false,
          "secureOutput": false
        },
        "name": "Notebook1",
        "state": "Inactive",
        "onInactiveMarkAs": "Succeeded",
        "dependsOn": [
          {
            "activity": "ConfigNotebook",
            "dependencyConditions": [
              "Succeeded"
            ]
          }
        ]
      }
    ],
    "parameters": {
      "TaskAuditKey": {
        "type": "int"
      },
      "TaskKey": {
        "type": "int"
      },
      "EtlLoadDateTime": {
        "type": "string"
      }
    },
    "libraryVariables": {
      "bronze_lh_id": {
        "type": "String",
        "variableName": "BronzeLakehouseID",
        "libraryName": "Environment"
      },
      "curated_lh_id": {
        "type": "String",
        "variableName": "CuratedLakehouseID",
        "libraryName": "Environment"
      },
      "workspace_id": {
        "type": "String",
        "variableName": "WorkspaceID",
        "libraryName": "Environment"
      },
      "workspace_name": {
        "type": "String",
        "variableName": "WorkspaceName",
        "libraryName": "Environment"
      },
      "raw_lh_id": {
        "type": "String",
        "variableName": "RawLakehouseID",
        "libraryName": "Environment"
      },
      "KeyVaultName": {
        "type": "String",
        "variableName": "KeyVaultName",
        "libraryName": "Environment"
      },
      "TenantId": {
        "type": "String",
        "variableName": "AzAppRegTenantID",
        "libraryName": "Environment"
      },
      "ClientId": {
        "type": "String",
        "variableName": "SpnClientId",
        "libraryName": "Environment"
      },
      "SecretName": {
        "type": "String",
        "variableName": "SpnSecretName",
        "libraryName": "Environment"
      }
    }
  }
}