{
  "properties": {
    "activities": [
      {
        "type": "Copy",
        "typeProperties": {
          "source": {
            "type": "JsonSource",
            "formatSettings": {
              "type": "JsonReadSettings"
            },
            "storeSettings": {
              "type": "HttpReadSettings",
              "requestMethod": "GET"
            },
            "datasetSettings": {
              "type": "Json",
              "typeProperties": {
                "location": {
                  "type": "HttpServerLocation",
                  "relativeUrl": "hmc-report/api/v1/BottomUp/FundLevelCalc?caseId=3&useBetaSummaryGia=false&asOfDate=7/15/2025&numYears=10&calculationMethodology=1&fundCycleMethodology=0&fundCycleModelId=1"
                }
              },
              "schema": {},
              "externalReferences": {
                "connection": "d3d8ffa5-fdeb-4f9e-9b38-c7a70842e3cb"
              },
              "annotations": []
            }
          },
          "sink": {
            "type": "JsonSink",
            "formatSettings": {
              "type": "JsonWriteSettings"
            },
            "storeSettings": {
              "type": "LakehouseWriteSettings"
            },
            "datasetSettings": {
              "type": "Json",
              "typeProperties": {
                "location": {
                  "type": "LakehouseLocation",
                  "folderPath": "HMCReport",
                  "fileName": "FundLevelCalc.json"
                }
              },
              "schema": {},
              "linkedService": {
                "name": "lh_raw",
                "properties": {
                  "type": "Lakehouse",
                  "typeProperties": {
                    "artifactId": "a57e9e3f-d7ba-a2a3-4013-7104920a12cc",
                    "workspaceId": "00000000-0000-0000-0000-000000000000",
                    "rootFolder": "Files"
                  },
                  "annotations": []
                }
              },
              "annotations": []
            }
          },
          "enableStaging": false
        },
        "policy": {
          "timeout": "0.12:00:00",
          "retry": 0,
          "retryIntervalInSeconds": 30,
          "secureInput": false,
          "secureOutput": false
        },
        "name": "Copy data1",
        "dependsOn": []
      }
    ]
  }
}