{
  "properties": {
    "activities": [
      {
        "type": "Lookup",
        "typeProperties": {
          "source": {
            "type": "DataWarehouseSource",
            "sqlReaderStoredProcedureName": "[etl].[GetFileTaskInfo]",
            "storedProcedureParameters": {
              "TaskAuditKey": {
                "type": "Int64",
                "value": {
                  "value": "@pipeline().parameters.TaskAuditKey",
                  "type": "Expression"
                }
              }
            },
            "partitionOption": "None",
            "queryTimeout": "02:00:00"
          },
          "datasetSettings": {
            "type": "DataWarehouseTable",
            "schema": [],
            "linkedService": {
              "name": "etlControl",
              "properties": {
                "type": "DataWarehouse",
                "typeProperties": {
                  "artifactId": "95db441c-1821-4183-bb87-3c23cd7a9253",
                  "endpoint": "ocjf6obnn2vujauxalhsb7ixzy-xbpfgmyhjw6etm5fzsi5hktm5u.datawarehouse.fabric.microsoft.com",
                  "workspaceId": "33535eb8-4d07-49bc-b3a5-cc91d3aa6ced"
                },
                "annotations": []
              }
            },
            "annotations": []
          }
        },
        "policy": {
          "timeout": "0.12:00:00",
          "retry": 0,
          "retryIntervalInSeconds": 30,
          "secureInput": false,
          "secureOutput": false
        },
        "name": "GetFileTaskInfo",
        "dependsOn": []
      },
      {
        "type": "Copy",
        "typeProperties": {
          "source": {
            "type": "JsonSource",
            "formatSettings": {
              "type": "JsonReadSettings"
            },
            "storeSettings": {
              "type": "LakehouseReadSettings",
              "recursive": true,
              "wildcardFolderPath": {
                "value": "@activity('GetFileTaskInfo').output.firstRow.SourceWildcardFolderPath",
                "type": "Expression"
              },
              "wildcardFileName": {
                "value": "@variables('SourceFileName')",
                "type": "Expression"
              },
              "enablePartitionDiscovery": false
            },
            "datasetSettings": {
              "type": "Json",
              "typeProperties": {
                "location": {
                  "type": "LakehouseLocation"
                }
              },
              "schema": {},
              "linkedService": {
                "name": "lh_raw",
                "properties": {
                  "type": "Lakehouse",
                  "typeProperties": {
                    "artifactId": "a57e9e3f-d7ba-a2a3-4013-7104920a12cc",
                    "workspaceId": "00000000-0000-0000-0000-000000000000",
                    "rootFolder": "Files"
                  },
                  "annotations": []
                }
              },
              "annotations": []
            }
          },
          "sink": {
            "type": "JsonSink",
            "formatSettings": {
              "type": "JsonWriteSettings"
            },
            "storeSettings": {
              "type": "LakehouseWriteSettings"
            },
            "datasetSettings": {
              "type": "Json",
              "typeProperties": {
                "location": {
                  "type": "LakehouseLocation",
                  "folderPath": {
                    "value": "@concat('Archive/', formatDateTime(utcnow(), 'yyyy'), '/', formatDateTime(utcnow(), 'MM'), '/', formatDateTime(utcnow(), 'dd'),'/',activity('GetFileTaskInfo').output.firstRow.RawStorageFileName)\n",
                    "type": "Expression"
                  }
                }
              },
              "schema": {},
              "linkedService": {
                "name": "lh_raw",
                "properties": {
                  "type": "Lakehouse",
                  "typeProperties": {
                    "artifactId": "a57e9e3f-d7ba-a2a3-4013-7104920a12cc",
                    "workspaceId": "00000000-0000-0000-0000-000000000000",
                    "rootFolder": "Files"
                  },
                  "annotations": []
                }
              },
              "annotations": []
            }
          },
          "enableStaging": false
        },
        "policy": {
          "timeout": "0.12:00:00",
          "retry": 0,
          "retryIntervalInSeconds": 30,
          "secureInput": false,
          "secureOutput": false
        },
        "name": "ArchiveData",
        "dependsOn": [
          {
            "activity": "CopyRawToDestination",
            "dependencyConditions": [
              "Succeeded"
            ]
          },
          {
            "activity": "ResolveSourceWildcardFileName",
            "dependencyConditions": [
              "Succeeded"
            ]
          }
        ]
      },
      {
        "type": "TridentNotebook",
        "typeProperties": {
          "notebookId": "47a76865-48f2-8665-4357-f1917c28d992",
          "workspaceId": "00000000-0000-0000-0000-000000000000",
          "parameters": {
            "TaskList": {
              "value": {
                "value": "@string(activity('GetFileTaskInfo').output.firstRow)",
                "type": "Expression"
              },
              "type": "string"
            },
            "RawLHId": {
              "value": {
                "value": "@pipeline().libraryVariables.rawlhid",
                "type": "Expression"
              },
              "type": "string"
            },
            "WorkspaceId": {
              "value": {
                "value": "@pipeline().libraryVariables.workspaceid",
                "type": "Expression"
              },
              "type": "string"
            },
            "BronzeLHId": {
              "value": {
                "value": "@pipeline().libraryVariables.bronzelhid",
                "type": "Expression"
              },
              "type": "string"
            }
          }
        },
        "policy": {
          "timeout": "0.12:00:00",
          "retry": 0,
          "retryIntervalInSeconds": 30,
          "secureInput": false,
          "secureOutput": false
        },
        "name": "CopyRawToDestination",
        "description": "with skiprows",
        "dependsOn": [
          {
            "activity": "GetFileTaskInfo",
            "dependencyConditions": [
              "Succeeded"
            ]
          }
        ]
      },
      {
        "type": "Switch",
        "typeProperties": {
          "on": {
            "value": "@activity('GetFileTaskInfo').output.firstRow.SourceWildcardFileName",
            "type": "Expression"
          },
          "cases": [
            {
              "value": "{date.today():%Y%m}",
              "activities": [
                {
                  "type": "SetVariable",
                  "typeProperties": {
                    "variableName": "SourceFileName",
                    "value": {
                      "value": "@formatDateTime(utcNow(), 'yyyyMM')",
                      "type": "Expression"
                    }
                  },
                  "policy": {
                    "secureInput": false,
                    "secureOutput": false
                  },
                  "name": "SetSourceWildcardFileName_Date",
                  "dependsOn": []
                }
              ]
            }
          ],
          "defaultActivities": [
            {
              "type": "SetVariable",
              "typeProperties": {
                "variableName": "SourceFileName",
                "value": {
                  "value": "@activity('GetFileTaskInfo').output.firstRow.SourceWildcardFileName",
                  "type": "Expression"
                }
              },
              "policy": {
                "secureInput": false,
                "secureOutput": false
              },
              "name": "SetSourceWildcardFileName_Default",
              "dependsOn": []
            }
          ]
        },
        "name": "ResolveSourceWildcardFileName",
        "dependsOn": [
          {
            "activity": "GetFileTaskInfo",
            "dependencyConditions": [
              "Succeeded"
            ]
          }
        ]
      }
    ],
    "parameters": {
      "TaskAuditKey": {
        "type": "string"
      },
      "ETLLoadDateTime": {
        "type": "string"
      },
      "TaskKey": {
        "type": "string"
      }
    },
    "libraryVariables": {
      "rawlhid": {
        "type": "String",
        "variableName": "RawLakehouseID",
        "libraryName": "Environment"
      },
      "workspaceid": {
        "type": "String",
        "variableName": "WorkspaceID",
        "libraryName": "Environment"
      },
      "bronzelhid": {
        "type": "String",
        "variableName": "BronzeLakehouseID",
        "libraryName": "Environment"
      }
    },
    "variables": {
      "Delimiter": {
        "type": "String"
      },
      "SourceFileName": {
        "type": "String"
      }
    }
  }
}