{
  "$schema": "https://developer.microsoft.com/json-schemas/fabric/item/report/definition/visualContainer/2.2.0/schema.json",
  "name": "2735704553211c11a433",
  "position": {
    "x": 437.71730475692692,
    "y": 80.729483282674778,
    "z": 1000,
    "height": 279.14893617021278,
    "width": 833.55623100303956,
    "tabOrder": 6000
  },
  "visual": {
    "visualType": "clusteredColumnChart",
    "query": {
      "queryState": {
        "Category": {
          "projections": [
            {
              "field": {
                "Column": {
                  "Expression": {
                    "SourceRef": {
                      "Entity": "ConstraintTable"
                    }
                  },
                  "Property": "RefreshDate"
                }
              },
              "queryRef": "ConstraintTable.RefreshDate",
              "nativeQueryRef": "RefreshDate1",
              "active": true
            }
          ]
        },
        "Series": {
          "projections": [
            {
              "field": {
                "Column": {
                  "Expression": {
                    "SourceRef": {
                      "Entity": "ConstraintTable"
                    }
                  },
                  "Property": "FullMLVName"
                }
              },
              "queryRef": "ConstraintTable.FullMLVName",
              "nativeQueryRef": "FullMLVName"
            }
          ]
        },
        "Y": {
          "projections": [
            {
              "field": {
                "Aggregation": {
                  "Expression": {
                    "Column": {
                      "Expression": {
                        "SourceRef": {
                          "Entity": "ConstraintTable"
                        }
                      },
                      "Property": "ViolationCount"
                    }
                  },
                  "Function": 0
                }
              },
              "queryRef": "Sum(ConstraintTable.ViolationCount)",
              "nativeQueryRef": "Sum of ViolationCount"
            }
          ]
        }
      },
      "sortDefinition": {
        "sort": [
          {
            "field": {
              "Column": {
                "Expression": {
                  "SourceRef": {
                    "Entity": "ConstraintTable"
                  }
                },
                "Property": "RefreshDate"
              }
            },
            "direction": "Ascending"
          }
        ],
        "isDefaultSort": true
      }
    },
    "objects": {
      "categoryAxis": [
        {
          "properties": {
            "axisType": {
              "expr": {
                "Literal": {
                  "Value": "'Categorical'"
                }
              }
            },
            "innerPadding": {
              "expr": {
                "Literal": {
                  "Value": "53L"
                }
              }
            },
            "showAxisTitle": {
              "expr": {
                "Literal": {
                  "Value": "false"
                }
              }
            },
            "labelColor": {
              "solid": {
                "color": {
                  "expr": {
                    "ThemeDataColor": {
                      "ColorId": 1,
                      "Percent": 0
                    }
                  }
                }
              }
            },
            "maxMarginFactor": {
              "expr": {
                "Literal": {
                  "Value": "33L"
                }
              }
            },
            "concatenateLabels": {
              "expr": {
                "Literal": {
                  "Value": "false"
                }
              }
            }
          }
        }
      ],
      "legend": [
        {
          "properties": {
            "show": {
              "expr": {
                "Literal": {
                  "Value": "true"
                }
              }
            },
            "position": {
              "expr": {
                "Literal": {
                  "Value": "'BottomCenter'"
                }
              }
            },
            "titleText": {
              "expr": {
                "Literal": {
                  "Value": "'MLV'"
                }
              }
            },
            "bold": {
              "expr": {
                "Literal": {
                  "Value": "false"
                }
              }
            },
            "labelColor": {
              "solid": {
                "color": {
                  "expr": {
                    "ThemeDataColor": {
                      "ColorId": 1,
                      "Percent": 0
                    }
                  }
                }
              }
            },
            "fontSize": {
              "expr": {
                "Literal": {
                  "Value": "9D"
                }
              }
            }
          }
        }
      ],
      "valueAxis": [
        {
          "properties": {
            "showAxisTitle": {
              "expr": {
                "Literal": {
                  "Value": "false"
                }
              }
            }
          }
        }
      ],
      "dataPoint": [
        {
          "properties": {
            "fillTransparency": {
              "expr": {
                "Literal": {
                  "Value": "22D"
                }
              }
            },
            "borderShow": {
              "expr": {
                "Literal": {
                  "Value": "true"
                }
              }
            },
            "borderColorMatchFill": {
              "expr": {
                "Literal": {
                  "Value": "true"
                }
              }
            },
            "borderTransparency": {
              "expr": {
                "Literal": {
                  "Value": "19D"
                }
              }
            },
            "borderSize": {
              "expr": {
                "Literal": {
                  "Value": "1D"
                }
              }
            }
          }
        }
      ],
      "layout": [
        {
          "properties": {
            "clusteredGapOverlaps": {
              "expr": {
                "Literal": {
                  "Value": "false"
                }
              }
            },
            "clusteredGapSize": {
              "expr": {
                "Literal": {
                  "Value": "13D"
                }
              }
            }
          }
        }
      ],
      "labels": [
        {
          "properties": {
            "show": {
              "expr": {
                "Literal": {
                  "Value": "true"
                }
              }
            },
            "fontSize": {
              "expr": {
                "Literal": {
                  "Value": "8D"
                }
              }
            },
            "color": {
              "solid": {
                "color": {
                  "expr": {
                    "ThemeDataColor": {
                      "ColorId": 1,
                      "Percent": 0
                    }
                  }
                }
              }
            },
            "enableTitleDataLabel": {
              "expr": {
                "Literal": {
                  "Value": "false"
                }
              }
            }
          }
        }
      ]
    },
    "visualContainerObjects": {
      "title": [
        {
          "properties": {
            "text": {
              "expr": {
                "Literal": {
                  "Value": "'Data Quality Violations - Top MLVs by day for the last week'"
                }
              }
            },
            "titleWrap": {
              "expr": {
                "Literal": {
                  "Value": "true"
                }
              }
            },
            "fontSize": {
              "expr": {
                "Literal": {
                  "Value": "10D"
                }
              }
            },
            "fontFamily": {
              "expr": {
                "Literal": {
                  "Value": "'''Segoe UI'', wf_segoe-ui_normal, helvetica, arial, sans-serif'"
                }
              }
            },
            "fontColor": {
              "solid": {
                "color": {
                  "expr": {
                    "ThemeDataColor": {
                      "ColorId": 1,
                      "Percent": 0
                    }
                  }
                }
              }
            }
          }
        }
      ],
      "background": [
        {
          "properties": {
            "show": {
              "expr": {
                "Literal": {
                  "Value": "true"
                }
              }
            },
            "transparency": {
              "expr": {
                "Literal": {
                  "Value": "0D"
                }
              }
            }
          }
        }
      ],
      "border": [
        {
          "properties": {
            "show": {
              "expr": {
                "Literal": {
                  "Value": "true"
                }
              }
            },
            "color": {
              "solid": {
                "color": {
                  "expr": {
                    "ThemeDataColor": {
                      "ColorId": 0,
                      "Percent": -0.2
                    }
                  }
                }
              }
            },
            "radius": {
              "expr": {
                "Literal": {
                  "Value": "10D"
                }
              }
            },
            "width": {
              "expr": {
                "Literal": {
                  "Value": "1D"
                }
              }
            }
          }
        }
      ]
    },
    "drillFilterOtherVisuals": true
  },
  "filterConfig": {
    "filters": [
      {
        "name": "83211dbd212806a5218b",
        "field": {
          "Measure": {
            "Expression": {
              "SourceRef": {
                "Entity": "ConstraintTable"
              }
            },
            "Property": "MLV Rank Per Day"
          }
        },
        "type": "Advanced",
        "filter": {
          "Version": 2,
          "From": [
            {
              "Name": "c",
              "Entity": "ConstraintTable",
              "Type": 0
            }
          ],
          "Where": [
            {
              "Condition": {
                "Comparison": {
                  "ComparisonKind": 4,
                  "Left": {
                    "Measure": {
                      "Expression": {
                        "SourceRef": {
                          "Source": "c"
                        }
                      },
                      "Property": "MLV Rank Per Day"
                    }
                  },
                  "Right": {
                    "Literal": {
                      "Value": "5L"
                    }
                  }
                }
              }
            }
          ]
        },
        "howCreated": "User"
      },
      {
        "name": "cedba9941b51301d0589",
        "field": {
          "Column": {
            "Expression": {
              "SourceRef": {
                "Entity": "ConstraintTable"
              }
            },
            "Property": "RefreshDate"
          }
        },
        "type": "RelativeDate",
        "filter": {
          "Version": 2,
          "From": [
            {
              "Name": "c",
              "Entity": "ConstraintTable",
              "Type": 0
            }
          ],
          "Where": [
            {
              "Condition": {
                "Between": {
                  "Expression": {
                    "Column": {
                      "Expression": {
                        "SourceRef": {
                          "Source": "c"
                        }
                      },
                      "Property": "RefreshDate"
                    }
                  },
                  "LowerBound": {
                    "DateSpan": {
                      "Expression": {
                        "DateAdd": {
                          "Expression": {
                            "DateAdd": {
                              "Expression": {
                                "Now": {}
                              },
                              "Amount": 1,
                              "TimeUnit": 0
                            }
                          },
                          "Amount": -7,
                          "TimeUnit": 0
                        }
                      },
                      "TimeUnit": 0
                    }
                  },
                  "UpperBound": {
                    "DateSpan": {
                      "Expression": {
                        "Now": {}
                      },
                      "TimeUnit": 0
                    }
                  }
                }
              }
            }
          ]
        }
      }
    ]
  }
}