{
  "$schema": "https://developer.microsoft.com/json-schemas/fabric/item/report/definition/visualContainer/2.2.0/schema.json",
  "name": "c1069294b1b797803bad",
  "position": {
    "x": 8.3523654159869487,
    "y": 77.557678862735955,
    "z": 7000,
    "height": 293.52598461896991,
    "width": 1264.7867629923094,
    "tabOrder": 6000
  },
  "visual": {
    "visualType": "ribbonChart",
    "query": {
      "queryState": {
        "Category": {
          "projections": [
            {
              "field": {
                "Column": {
                  "Expression": {
                    "SourceRef": {
                      "Entity": "ConstraintTable"
                    }
                  },
                  "Property": "RefreshDate"
                }
              },
              "queryRef": "ConstraintTable.RefreshDate",
              "nativeQueryRef": "RefreshDate",
              "active": true
            }
          ]
        },
        "Series": {
          "projections": [
            {
              "field": {
                "Column": {
                  "Expression": {
                    "SourceRef": {
                      "Entity": "ConstraintTable"
                    }
                  },
                  "Property": "ConstraintName"
                }
              },
              "queryRef": "ConstraintTable.ConstraintName",
              "nativeQueryRef": "ConstraintName"
            }
          ]
        },
        "Tooltips": {
          "projections": [
            {
              "field": {
                "Measure": {
                  "Expression": {
                    "SourceRef": {
                      "Entity": "ConstraintTable"
                    }
                  },
                  "Property": "Selected SchemaName"
                }
              },
              "queryRef": "ConstraintTable.Selected SchemaName",
              "nativeQueryRef": "Selected SchemaName"
            },
            {
              "field": {
                "Measure": {
                  "Expression": {
                    "SourceRef": {
                      "Entity": "ConstraintTable"
                    }
                  },
                  "Property": "Selected MLVName"
                }
              },
              "queryRef": "ConstraintTable.Selected MLVName",
              "nativeQueryRef": "Selected MLVName"
            }
          ]
        },
        "Y": {
          "projections": [
            {
              "field": {
                "Aggregation": {
                  "Expression": {
                    "Column": {
                      "Expression": {
                        "SourceRef": {
                          "Entity": "ConstraintTable"
                        }
                      },
                      "Property": "ViolationCount"
                    }
                  },
                  "Function": 0
                }
              },
              "queryRef": "Sum(ConstraintTable.ViolationCount)",
              "nativeQueryRef": "Sum of ViolationCount"
            }
          ]
        }
      },
      "sortDefinition": {
        "sort": [
          {
            "field": {
              "Column": {
                "Expression": {
                  "SourceRef": {
                    "Entity": "ConstraintTable"
                  }
                },
                "Property": "RefreshDate"
              }
            },
            "direction": "Ascending"
          }
        ],
        "isDefaultSort": true
      }
    },
    "objects": {
      "categoryAxis": [
        {
          "properties": {
            "axisType": {
              "expr": {
                "Literal": {
                  "Value": "'Categorical'"
                }
              }
            },
            "maxMarginFactor": {
              "expr": {
                "Literal": {
                  "Value": "33L"
                }
              }
            },
            "concatenateLabels": {
              "expr": {
                "Literal": {
                  "Value": "false"
                }
              }
            },
            "labelColor": {
              "solid": {
                "color": {
                  "expr": {
                    "ThemeDataColor": {
                      "ColorId": 1,
                      "Percent": 0
                    }
                  }
                }
              }
            },
            "showAxisTitle": {
              "expr": {
                "Literal": {
                  "Value": "false"
                }
              }
            }
          }
        }
      ],
      "valueAxis": [
        {
          "properties": {
            "titleText": {
              "expr": {
                "Literal": {
                  "Value": "'ViolationCount'"
                }
              }
            },
            "showAxisTitle": {
              "expr": {
                "Literal": {
                  "Value": "false"
                }
              }
            }
          }
        }
      ],
      "legend": [
        {
          "properties": {
            "show": {
              "expr": {
                "Literal": {
                  "Value": "true"
                }
              }
            },
            "position": {
              "expr": {
                "Literal": {
                  "Value": "'BottomCenter'"
                }
              }
            },
            "fontSize": {
              "expr": {
                "Literal": {
                  "Value": "9D"
                }
              }
            },
            "bold": {
              "expr": {
                "Literal": {
                  "Value": "false"
                }
              }
            },
            "labelColor": {
              "solid": {
                "color": {
                  "expr": {
                    "ThemeDataColor": {
                      "ColorId": 1,
                      "Percent": 0
                    }
                  }
                }
              }
            }
          }
        }
      ],
      "labels": [
        {
          "properties": {
            "show": {
              "expr": {
                "Literal": {
                  "Value": "true"
                }
              }
            },
            "fontSize": {
              "expr": {
                "Literal": {
                  "Value": "8D"
                }
              }
            },
            "color": {
              "solid": {
                "color": {
                  "expr": {
                    "ThemeDataColor": {
                      "ColorId": 1,
                      "Percent": 0
                    }
                  }
                }
              }
            },
            "enableTitleDataLabel": {
              "expr": {
                "Literal": {
                  "Value": "false"
                }
              }
            }
          }
        }
      ],
      "dataPoint": [
        {
          "properties": {
            "fillTransparency": {
              "expr": {
                "Literal": {
                  "Value": "30D"
                }
              }
            },
            "borderShow": {
              "expr": {
                "Literal": {
                  "Value": "true"
                }
              }
            },
            "borderColorMatchFill": {
              "expr": {
                "Literal": {
                  "Value": "true"
                }
              }
            },
            "borderTransparency": {
              "expr": {
                "Literal": {
                  "Value": "9D"
                }
              }
            }
          }
        }
      ],
      "layout": [
        {
          "properties": {
            "stackedGapSize": {
              "expr": {
                "Literal": {
                  "Value": "3D"
                }
              }
            },
            "stackedGapExplodes": {
              "expr": {
                "Literal": {
                  "Value": "false"
                }
              }
            },
            "ribbonGapSize": {
              "expr": {
                "Literal": {
                  "Value": "1D"
                }
              }
            }
          }
        }
      ],
      "ribbonBands": [
        {
          "properties": {
            "fillMatchColor": {
              "expr": {
                "Literal": {
                  "Value": "true"
                }
              }
            },
            "fillTransparency": {
              "expr": {
                "Literal": {
                  "Value": "59D"
                }
              }
            },
            "borderShow": {
              "expr": {
                "Literal": {
                  "Value": "true"
                }
              }
            },
            "borderColorMatchFill": {
              "expr": {
                "Literal": {
                  "Value": "true"
                }
              }
            },
            "borderTransparency": {
              "expr": {
                "Literal": {
                  "Value": "49D"
                }
              }
            }
          }
        }
      ]
    },
    "visualContainerObjects": {
      "title": [
        {
          "properties": {
            "text": {
              "expr": {
                "Literal": {
                  "Value": "' MLV Quality Breakdown - Constraint-Level Violations'"
                }
              }
            },
            "titleWrap": {
              "expr": {
                "Literal": {
                  "Value": "true"
                }
              }
            },
            "fontColor": {
              "solid": {
                "color": {
                  "expr": {
                    "ThemeDataColor": {
                      "ColorId": 1,
                      "Percent": 0
                    }
                  }
                }
              }
            },
            "fontSize": {
              "expr": {
                "Literal": {
                  "Value": "10D"
                }
              }
            },
            "fontFamily": {
              "expr": {
                "Literal": {
                  "Value": "'''Segoe UI'', wf_segoe-ui_normal, helvetica, arial, sans-serif'"
                }
              }
            }
          }
        }
      ],
      "background": [
        {
          "properties": {
            "show": {
              "expr": {
                "Literal": {
                  "Value": "true"
                }
              }
            },
            "transparency": {
              "expr": {
                "Literal": {
                  "Value": "0D"
                }
              }
            }
          }
        }
      ],
      "border": [
        {
          "properties": {
            "show": {
              "expr": {
                "Literal": {
                  "Value": "true"
                }
              }
            },
            "color": {
              "solid": {
                "color": {
                  "expr": {
                    "ThemeDataColor": {
                      "ColorId": 0,
                      "Percent": -0.2
                    }
                  }
                }
              }
            },
            "radius": {
              "expr": {
                "Literal": {
                  "Value": "10D"
                }
              }
            },
            "width": {
              "expr": {
                "Literal": {
                  "Value": "1D"
                }
              }
            }
          }
        }
      ]
    },
    "drillFilterOtherVisuals": true
  },
  "filterConfig": {
    "filters": [
      {
        "name": "a7df7fec6b880a0cc168",
        "field": {
          "Column": {
            "Expression": {
              "SourceRef": {
                "Entity": "ConstraintTable"
              }
            },
            "Property": "RefreshDate"
          }
        },
        "type": "Categorical"
      },
      {
        "name": "82cb39487cbe16076b0b",
        "field": {
          "Column": {
            "Expression": {
              "SourceRef": {
                "Entity": "ConstraintTable"
              }
            },
            "Property": "ConstraintName"
          }
        },
        "type": "Categorical"
      },
      {
        "name": "f7850a26730098270012",
        "field": {
          "Aggregation": {
            "Expression": {
              "Column": {
                "Expression": {
                  "SourceRef": {
                    "Entity": "ConstraintTable"
                  }
                },
                "Property": "ViolationCount"
              }
            },
            "Function": 0
          }
        },
        "type": "Advanced"
      },
      {
        "name": "fb2042a04b901c11b855",
        "field": {
          "Measure": {
            "Expression": {
              "SourceRef": {
                "Entity": "ConstraintTable"
              }
            },
            "Property": "Selected SchemaName"
          }
        },
        "type": "Advanced"
      },
      {
        "name": "d529c5c0243222a01866",
        "field": {
          "Measure": {
            "Expression": {
              "SourceRef": {
                "Entity": "ConstraintTable"
              }
            },
            "Property": "Selected MLVName"
          }
        },
        "type": "Advanced"
      }
    ]
  }
}