{
  "properties": {
    "activities": [
      {
        "type": "Lookup",
        "typeProperties": {
          "source": {
            "type": "DataWarehouseSource",
            "sqlReaderStoredProcedureName": "[etl].[GetApiTaskInfo]",
            "storedProcedureParameters": {
              "TaskAuditKey": {
                "type": "Int64",
                "value": {
                  "value": "@pipeline().parameters.TaskAuditKey",
                  "type": "Expression"
                }
              },
              "TaskKey": {
                "type": "Int32",
                "value": {
                  "value": "@pipeline().parameters.TaskKey",
                  "type": "Expression"
                }
              }
            },
            "partitionOption": "None",
            "queryTimeout": "02:00:00"
          },
          "datasetSettings": {
            "type": "DataWarehouseTable",
            "schema": [],
            "linkedService": {
              "name": "etlControl",
              "properties": {
                "type": "DataWarehouse",
                "typeProperties": {
                  "artifactId": "95db441c-1821-4183-bb87-3c23cd7a9253",
                  "endpoint": "ocjf6obnn2vujauxalhsb7ixzy-xbpfgmyhjw6etm5fzsi5hktm5u.datawarehouse.fabric.microsoft.com",
                  "workspaceId": "33535eb8-4d07-49bc-b3a5-cc91d3aa6ced"
                },
                "annotations": []
              }
            },
            "annotations": []
          }
        },
        "policy": {
          "timeout": "0.12:00:00",
          "retry": 2,
          "retryIntervalInSeconds": 30,
          "secureInput": false,
          "secureOutput": false
        },
        "name": "GetApiTaskInfo",
        "description": "This returns file-specific information, including the source path and file format.",
        "dependsOn": []
      },
      {
        "type": "Copy",
        "typeProperties": {
          "source": {
            "type": "JsonSource",
            "formatSettings": {
              "type": "JsonReadSettings"
            },
            "storeSettings": {
              "type": "HttpReadSettings",
              "requestMethod": "GET"
            },
            "datasetSettings": {
              "type": "Json",
              "typeProperties": {
                "location": {
                  "type": "HttpServerLocation",
                  "relativeUrl": {
                    "value": "@activity('GetApiTaskInfo').output.firstRow.RelativeUrl",
                    "type": "Expression"
                  }
                }
              },
              "schema": {},
              "externalReferences": {
                "connection": "@variables('APIConnectionId')"
              },
              "annotations": []
            }
          },
          "sink": {
            "type": "JsonSink",
            "formatSettings": {
              "type": "JsonWriteSettings"
            },
            "storeSettings": {
              "type": "LakehouseWriteSettings"
            },
            "datasetSettings": {
              "type": "Json",
              "typeProperties": {
                "location": {
                  "type": "LakehouseLocation",
                  "folderPath": {
                    "value": "@activity('GetApiTaskInfo').output.firstRow.RawStoragePath",
                    "type": "Expression"
                  },
                  "fileName": {
                    "value": "@activity('GetApiTaskInfo').output.firstRow.RawStorageFileName",
                    "type": "Expression"
                  }
                }
              },
              "schema": {},
              "linkedService": {
                "name": "lh_raw",
                "properties": {
                  "type": "Lakehouse",
                  "typeProperties": {
                    "artifactId": "a57e9e3f-d7ba-a2a3-4013-7104920a12cc",
                    "workspaceId": "00000000-0000-0000-0000-000000000000",
                    "rootFolder": "Files"
                  },
                  "annotations": []
                }
              },
              "annotations": []
            }
          },
          "enableStaging": false
        },
        "policy": {
          "timeout": "0.12:00:00",
          "retry": 0,
          "retryIntervalInSeconds": 30,
          "secureInput": false,
          "secureOutput": false
        },
        "name": "CallAPIToRaw",
        "description": "JSON to JSON",
        "dependsOn": [
          {
            "activity": "SwitchConnection",
            "dependencyConditions": [
              "Succeeded"
            ]
          }
        ]
      },
      {
        "type": "Switch",
        "typeProperties": {
          "on": {
            "value": "@activity('GetApiTaskInfo').output.firstRow.SourceConnectionName",
            "type": "Expression"
          },
          "cases": [
            {
              "value": "CrimsonDevAPI",
              "activities": [
                {
                  "type": "SetVariable",
                  "typeProperties": {
                    "variableName": "APIConnectionId",
                    "value": {
                      "value": "@pipeline().libraryVariables.CrimsonDevAPI",
                      "type": "Expression"
                    }
                  },
                  "policy": {
                    "secureInput": false,
                    "secureOutput": false
                  },
                  "name": "SetConnectionId-CrimsonAPI",
                  "dependsOn": []
                }
              ]
            },
            {
              "value": "CrimsonPreAPI",
              "activities": [
                {
                  "type": "SetVariable",
                  "typeProperties": {
                    "variableName": "APIConnectionId",
                    "value": {
                      "value": "@pipeline().libraryVariables.CrimsonPreAPI",
                      "type": "Expression"
                    }
                  },
                  "policy": {
                    "secureInput": false,
                    "secureOutput": false
                  },
                  "name": "SetConnectionId-CrimsonPreAPI",
                  "dependsOn": []
                }
              ]
            }
          ],
          "defaultActivities": [
            {
              "type": "Fail",
              "typeProperties": {
                "message": "Cannot resolve source connection. Please make sure conenction name is added and set up in pipeline.",
                "errorCode": "404"
              },
              "name": "ThrowPipelineFailure",
              "dependsOn": []
            }
          ]
        },
        "name": "SwitchConnection",
        "dependsOn": [
          {
            "activity": "GetApiTaskInfo",
            "dependencyConditions": [
              "Succeeded"
            ]
          }
        ]
      }
    ],
    "parameters": {
      "TaskAuditKey": {
        "type": "int"
      },
      "TaskKey": {
        "type": "int"
      },
      "EtlLoadDateTime": {
        "type": "string"
      },
      "TaskType": {
        "type": "string",
        "defaultValue": "ApiTask"
      }
    },
    "libraryVariables": {
      "CrimsonDevAPI": {
        "type": "String",
        "variableName": "CrimsonDevAPI",
        "libraryName": "Environment"
      },
      "CrimsonPreAPI": {
        "type": "String",
        "variableName": "CrimsonPreAPI",
        "libraryName": "Environment"
      }
    },
    "variables": {
      "APIConnectionId": {
        "type": "String"
      }
    }
  }
}