{
  "$schema": "https://developer.microsoft.com/json-schemas/fabric/item/report/definition/page/2.0.0/schema.json",
  "name": "baa1d11f05ad36c72a9a",
  "displayName": "Overview",
  "displayOption": "FitToPage",
  "height": 720,
  "width": 1280,
  "objects": {
    "background": [
      {
        "properties": {
          "color": {
            "solid": {
              "color": {
                "expr": {
                  "ThemeDataColor": {
                    "ColorId": 0,
                    "Percent": -0.1
                  }
                }
              }
            }
          },
          "transparency": {
            "expr": {
              "Literal": {
                "Value": "76D"
              }
            }
          }
        }
      }
    ]
  },
  "visualInteractions": [
    {
      "source": "6545c8d732dc9d324a79",
      "target": "2735704553211c11a433",
      "type": "DataFilter"
    }
  ]
}